GROUP,COG1,COG2,COG3,COG4,COG5,COG6,COG7,EMOT1,EMOT2,EMOT3,EMOT4,EMOT5,CON1,CON2,CON3,CON4,PHY1,PHY2,PHY3,PHY4,SOC1,SOC2,SOC3,SOC4,SOC5,SOC6
English,5,2,5,5,3,2,6,2,2,2,2,2,3,3,3,3,2,2,2,2,2,2,3,5,2,2
English,2,2,1,3,1,3,1,1,4,1,3,1,1,1,2,2,1,1,1,1,1,4,1,1,1,2
English,1,1,1,1,1,1,2,1,1,1,1,1,4,4,2,1,1,1,1,1,1,5,1,1,1,1
English,1,1,1,1,1,1,1,1,1,1,1,1,7,7,7,7,1,1,1,1,1,1,1,1,1,1
English,2,1,1,2,1,2,4,2,3,1,5,1,2,2,1,2,2,1,1,2,1,2,2,2,2,1
English,3,3,1,2,1,2,4,2,1,2,4,1,2,2,1,1,1,1,2,1,1,4,2,4,1,1
English,1,1,1,3,1,1,1,1,1,1,1,1,1,1,1,1,1,1,1,1,1,1,4,1,1,1
English,2,2,2,1,1,2,1,1,1,1,2,2,5,6,2,2,2,2,1,1,2,2,2,1,6,1
English,1,1,1,1,1,1,2,3,5,2,3,1,1,1,1,1,1,1,1,1,1,1,1,1,1,1
English,5,1,1,1,5,1,7,1,1,4,1,1,1,5,1,1,1,1,1,1,5,5,7,5,5,1
English,1,1,1,1,1,4,1,1,1,1,1,1,7,7,5,6,1,1,1,1,1,1,1,2,2,1
English,3,2,1,2,1,2,2,1,1,1,2,1,2,2,1,1,3,3,2,1,5,5,6,2,6,2
English,1,2,1,2,5,5,6,5,5,5,4,5,6,5,3,5,1,1,1,1,2,5,1,4,2,5
English,2,2,2,3,1,2,2,2,2,2,2,2,6,6,4,5,2,2,2,2,3,3,2,2,2,2
English,6,1,1,2,2,6,3,1,1,1,1,1,1,1,2,1,1,1,1,1,7,7,1,1,7,3
English,1,1,1,1,1,1,3,1,1,4,2,1,2,2,2,1,1,3,1,1,3,7,7,6,7,1
English,1,1,1,7,1,1,3,1,1,1,1,1,4,7,1,1,1,1,3,1,1,1,1,1,1,1
English,1,1,1,2,1,1,1,1,1,1,1,1,1,2,1,1,1,1,1,1,5,7,5,1,1,1
English,4,3,4,1,5,6,5,2,1,1,1,1,1,1,1,2,1,5,4,4,1,4,1,2,4,1
English,2,1,1,1,1,1,2,1,1,1,1,1,2,1,2,1,1,1,1,1,1,1,4,1,1,1
English,1,4,1,2,1,1,4,4,2,1,1,1,1,3,2,1,1,1,1,1,1,1,1,1,1,1
English,5,1,4,3,1,4,5,4,1,4,5,5,3,3,3,1,1,1,2,1,1,4,6,4,4,4
English,2,2,2,1,1,1,3,5,2,3,5,5,2,1,1,1,2,1,1,1,1,5,2,5,4,1
English,1,4,1,4,1,1,6,1,4,4,4,1,2,2,2,1,1,1,1,1,2,6,4,1,1,1
English,1,2,1,2,1,1,5,1,1,6,1,2,2,2,1,1,1,1,1,1,1,7,6,1,7,4
English,1,1,1,1,1,4,1,1,1,1,1,1,1,1,1,1,1,1,1,1,1,5,4,6,3,1
English,1,1,1,1,1,1,2,1,2,2,3,2,1,1,1,1,1,1,1,1,1,1,1,2,1,1
English,2,3,2,5,2,2,2,2,2,2,2,2,4,6,3,2,2,2,2,2,2,5,4,2,3,2
English,4,2,2,2,2,2,6,2,2,2,2,2,2,2,3,2,2,2,2,2,4,4,5,4,2,2
English,1,1,1,1,2,1,2,1,1,1,1,1,3,3,2,5,1,1,2,1,4,7,7,1,7,1
English,2,4,2,6,3,2,5,2,1,2,3,2,2,3,2,2,3,2,2,2,3,6,2,5,5,3
English,2,3,3,3,2,4,5,5,4,6,6,2,3,2,5,5,7,7,7,7,1,1,1,1,1,1
English,2,2,1,4,2,1,4,2,2,3,3,2,1,2,2,1,2,4,1,2,1,3,3,3,4,1
English,5,2,2,3,3,2,5,2,2,2,2,2,2,2,2,2,2,2,1,1,5,6,5,5,7,4
English,1,1,1,1,1,4,3,1,4,4,5,1,2,3,2,1,1,1,1,1,5,6,5,6,3,2
English,2,4,2,6,2,3,2,2,2,7,2,2,2,2,6,2,2,2,2,2,2,2,2,2,3,4
English,2,2,2,2,2,2,5,2,2,4,2,2,2,2,2,1,2,2,2,2,3,2,2,2,2,2
English,2,1,2,2,1,1,5,1,1,1,1,1,2,2,1,4,1,1,1,1,1,1,1,1,1,1
English,4,4,3,2,1,1,2,1,1,1,1,1,2,3,2,2,1,1,1,1,2,6,2,4,6,1
English,2,2,2,4,2,2,2,2,2,2,2,2,2,3,2,2,2,2,2,2,2,2,2,2,2,2
English,2,2,1,3,1,1,3,2,2,2,3,3,3,4,2,4,1,2,2,1,3,5,4,2,5,2
English,2,5,2,3,2,4,5,2,4,4,3,2,3,3,2,2,2,2,2,2,4,6,2,4,5,2
English,1,1,1,2,1,1,3,1,1,1,1,1,3,7,3,1,1,5,1,1,1,1,1,1,1,1
English,2,1,2,2,2,2,3,2,1,3,2,2,5,3,3,2,2,2,1,2,2,6,6,2,4,5
English,1,2,2,2,2,1,2,1,1,1,1,5,5,3,3,1,1,1,1,2,4,6,3,5,4,1
English,2,1,1,2,1,2,3,2,2,4,6,2,1,1,2,1,2,3,2,2,6,7,7,4,7,5
English,4,3,2,3,2,4,4,4,4,4,4,2,5,6,5,5,2,2,2,2,3,4,4,3,4,2
English,3,2,3,3,2,2,3,2,2,2,4,2,2,2,2,2,2,2,2,2,3,5,2,2,3,3
English,2,2,2,2,5,3,3,4,5,4,5,6,4,5,2,4,5,5,5,2,4,5,5,5,5,2
English,2,2,2,2,2,2,4,2,2,4,4,2,2,2,2,2,1,2,2,2,4,6,2,2,2,2
English,5,2,1,2,1,4,4,7,7,6,6,6,2,2,3,2,1,2,2,1,1,5,2,3,2,2
English,3,1,2,3,2,1,4,4,6,6,6,1,1,1,1,1,1,1,1,1,1,6,2,1,1,1
English,1,1,2,1,1,1,3,2,2,3,4,3,2,1,2,1,1,2,1,1,7,5,5,5,6,2
English,6,3,3,3,3,2,3,1,5,3,6,2,1,1,1,1,2,7,5,2,5,7,6,6,7,5
English,2,3,2,3,2,2,6,2,1,2,1,2,3,3,2,2,1,2,1,2,1,6,5,6,6,4
English,2,5,1,2,2,1,2,1,1,1,1,1,2,3,2,1,1,1,1,1,1,1,1,1,4,1
English,1,1,2,3,1,5,5,4,4,4,7,2,1,1,1,1,5,3,6,5,2,4,4,2,4,2
English,2,2,1,2,1,2,3,1,2,3,2,1,3,5,3,3,1,1,1,3,6,7,7,7,6,3
English,2,1,1,3,2,2,4,1,1,1,4,2,3,2,2,1,1,1,1,1,4,7,2,5,5,2
English,2,2,2,5,4,3,4,2,2,2,3,2,2,2,2,5,2,2,2,2,5,6,2,4,3,2
English,2,1,1,1,1,2,5,1,1,2,4,1,2,2,1,1,1,2,1,1,4,6,1,2,6,1
English,2,2,2,2,3,2,3,3,3,2,2,2,2,4,2,2,1,5,2,1,1,2,1,5,2,2
English,3,3,1,3,1,2,3,1,1,2,1,1,1,1,2,2,1,1,1,1,1,1,2,1,2,1
English,2,2,2,3,2,2,5,2,7,3,2,2,4,2,2,2,2,2,2,2,2,6,2,3,4,3
English,2,2,2,2,2,2,4,2,2,2,2,2,7,2,2,2,2,2,2,2,5,6,6,2,5,2
English,2,2,5,3,1,2,6,4,2,2,2,2,7,7,7,7,6,5,6,6,5,5,2,5,5,2
English,3,3,1,2,5,2,5,1,2,3,1,1,5,4,5,4,1,1,1,1,2,4,2,5,2,2
English,2,2,2,2,2,2,4,2,2,1,2,1,1,1,1,2,1,1,1,2,1,1,1,5,1,1
English,1,2,3,2,1,2,5,1,4,1,1,1,2,3,2,1,1,2,1,2,1,1,1,1,1,1
English,2,1,1,1,2,1,5,1,1,1,1,2,2,2,2,2,5,3,2,5,1,1,1,1,4,1
English,4,2,2,3,4,3,3,1,1,2,1,1,4,4,4,2,2,1,2,2,6,7,6,5,7,3
English,3,2,3,4,3,3,3,2,4,4,5,3,2,3,5,4,2,2,2,2,5,3,3,3,5,3
English,1,1,1,1,1,1,5,1,6,6,6,1,2,2,2,1,1,1,2,1,2,6,5,5,1,1
English,1,3,3,3,1,3,3,2,1,2,3,1,5,5,3,4,1,1,1,3,5,6,5,5,5,3
English,1,2,3,4,3,6,4,1,2,1,1,1,3,5,1,5,1,1,1,4,1,1,1,1,6,1
English,2,1,2,1,2,2,2,1,1,1,1,1,2,2,1,1,2,5,1,2,6,7,6,6,6,6
English,1,1,1,2,2,2,3,1,2,1,1,2,2,5,3,3,1,2,1,1,2,5,1,2,1,1
English,2,2,1,3,1,2,4,2,1,4,3,4,4,5,5,2,1,1,1,1,1,1,1,1,1,1
English,2,2,2,2,2,2,2,6,6,2,6,2,1,1,1,3,2,5,2,2,6,6,2,5,6,6
English,1,1,1,1,2,2,5,1,1,4,3,1,2,2,1,1,2,2,1,1,5,6,5,5,5,2
English,2,1,2,2,2,3,2,2,5,5,3,6,1,6,1,1,2,2,1,2,3,1,2,2,6,4
English,3,1,5,5,1,5,6,5,6,6,5,2,2,2,1,2,1,3,1,3,1,6,6,5,6,1
English,2,1,2,3,3,2,3,3,3,2,2,3,2,4,3,3,3,2,1,1,1,5,6,2,3,2
English,1,4,2,5,3,2,3,1,1,3,7,3,3,4,4,1,1,1,1,1,1,1,1,1,2,1
English,1,1,1,1,1,1,4,1,1,1,1,1,2,2,1,1,1,1,1,1,6,6,6,1,1,3
English,2,2,2,3,3,4,2,2,2,2,2,2,6,5,5,5,2,2,2,2,2,1,3,2,1,2
English,1,1,2,2,1,1,3,6,4,5,6,6,1,2,1,1,1,2,1,1,7,7,7,4,7,6
English,2,2,2,5,2,2,4,5,6,2,5,4,3,3,2,2,2,2,2,2,4,5,4,2,4,2
English,4,2,1,2,3,2,2,1,4,2,1,2,2,2,1,2,5,5,3,4,1,4,1,1,4,1
English,1,5,1,3,1,1,1,1,1,1,1,1,5,5,3,2,1,1,1,1,2,1,1,2,1,1
English,5,2,2,5,2,2,6,2,2,5,5,2,2,2,2,2,2,2,2,2,2,5,2,4,2,2
English,1,1,1,2,1,1,2,1,5,1,1,1,1,1,1,1,1,1,1,1,5,7,5,7,6,1
English,2,1,2,3,2,3,5,6,5,5,3,4,3,3,2,2,1,2,2,2,3,6,3,6,3,1
English,2,2,3,2,2,2,4,2,2,2,2,2,4,4,4,4,2,2,2,2,5,5,4,6,6,2
English,1,2,2,5,2,4,5,5,2,3,3,5,2,3,1,2,2,2,1,2,2,3,6,2,1,1
English,1,2,2,3,1,2,2,5,5,5,5,5,1,1,1,1,3,1,1,1,2,6,3,2,2,3
English,3,3,2,3,1,1,4,3,5,1,5,2,1,2,1,1,1,1,1,1,7,7,7,5,6,3
English,5,2,2,3,2,5,5,2,3,2,3,1,2,2,2,1,2,1,1,2,1,1,1,1,4,1
English,2,2,2,3,3,3,5,5,5,5,5,1,5,6,3,2,2,1,1,1,1,1,1,5,1,1
English,3,2,2,3,2,3,3,2,3,3,2,2,4,3,2,2,2,2,5,2,7,6,6,5,6,5
English,3,2,2,3,2,3,5,2,2,5,5,2,2,3,2,2,2,2,2,2,2,4,2,2,4,2
English,2,2,2,2,2,2,3,2,2,4,2,3,2,3,2,2,2,3,2,1,2,1,2,1,2,1
English,1,1,1,5,1,1,1,1,1,1,1,1,2,2,2,1,1,1,1,1,1,1,1,1,1,1
English,2,2,2,5,2,2,5,2,6,6,6,2,3,2,2,2,1,2,1,2,6,5,6,2,1,6
English,1,3,1,1,1,1,5,1,1,1,1,1,2,7,3,5,1,1,2,1,1,1,1,1,1,1
English,3,1,2,4,3,2,3,2,2,3,3,1,2,3,3,3,1,1,1,1,1,1,1,1,1,1
English,2,2,2,2,1,1,1,2,2,2,3,2,1,2,2,1,1,3,2,1,5,6,6,5,5,2
English,3,2,2,2,3,2,6,6,7,6,7,2,4,4,2,1,1,2,1,1,1,4,2,1,1,2
English,3,1,1,6,1,1,3,1,3,4,1,3,1,1,1,1,1,1,1,3,1,7,3,1,3,2
English,1,1,1,2,1,2,5,2,4,4,6,1,1,1,1,1,1,1,1,1,1,1,1,1,1,1
English,3,1,1,3,1,1,4,1,4,1,1,6,2,2,2,2,4,1,1,1,1,1,1,1,1,1
English,2,2,3,2,2,1,4,1,4,1,1,1,4,4,4,3,1,1,1,1,1,1,1,2,1,1
English,4,2,2,4,4,2,7,7,5,3,4,2,1,1,1,1,4,5,4,7,5,4,5,1,5,3
English,2,4,2,2,2,4,4,4,4,2,2,4,3,4,3,4,2,3,2,3,4,6,4,5,5,4
English,3,2,1,3,2,2,4,1,1,1,2,1,2,2,2,2,1,1,1,1,1,1,1,1,2,1
English,3,4,4,5,2,3,6,2,4,4,4,2,2,3,3,1,1,1,1,1,1,5,5,2,5,1
English,1,5,2,2,2,1,6,2,2,2,5,4,2,5,2,2,2,1,2,1,2,2,3,2,2,2
English,3,2,5,5,1,5,5,1,1,1,1,3,6,3,3,2,1,3,1,1,6,6,6,1,5,6
English,7,1,1,3,2,1,6,1,4,1,2,5,1,1,1,1,3,4,2,1,5,6,1,6,1,2
English,4,3,5,3,3,2,6,1,1,3,4,2,1,1,1,2,1,1,1,1,3,6,4,1,6,2
English,5,2,2,2,3,2,5,2,1,2,2,2,2,3,2,2,5,5,6,5,2,2,3,1,5,2
English,3,3,1,1,3,5,6,5,5,5,5,3,2,3,2,2,1,1,1,1,5,6,6,1,5,1
English,3,1,2,3,1,1,5,1,3,2,6,1,1,1,2,1,1,1,1,4,5,6,5,5,7,1
English,2,3,3,4,2,3,5,4,3,5,5,5,3,5,2,3,2,3,2,2,7,5,7,4,3,3
English,2,2,2,2,4,2,2,2,6,2,5,5,7,6,5,6,2,5,2,2,1,6,5,5,6,2
English,4,2,2,2,3,2,5,2,2,2,2,2,2,2,3,2,2,2,2,2,6,5,6,6,4,2
English,2,1,2,2,4,2,4,3,2,4,6,2,4,4,4,4,1,2,1,2,5,3,5,2,2,2
English,3,2,1,3,2,3,4,2,2,4,2,2,2,2,1,2,1,2,1,2,2,5,4,2,5,1
English,5,1,2,2,2,2,3,1,1,1,3,2,5,6,5,5,1,1,1,2,3,6,2,2,2,2
English,4,1,1,1,1,5,5,1,1,2,5,1,1,1,1,1,1,1,1,1,2,5,2,1,4,1
English,2,3,2,5,1,5,3,2,2,1,3,5,3,5,3,5,2,2,4,1,1,5,5,5,1,2
English,2,3,1,3,1,1,2,2,1,1,2,1,2,3,1,5,1,1,1,1,1,6,6,1,6,1
English,5,5,4,5,2,3,6,5,6,6,6,1,1,1,1,2,1,1,1,3,1,1,1,1,1,1
English,4,4,4,4,5,6,5,6,7,7,6,7,1,1,1,1,3,3,2,2,7,7,7,5,7,2
English,1,1,1,1,1,1,5,1,1,4,5,1,1,1,1,1,1,1,1,1,1,4,1,1,1,1
English,5,3,3,3,2,2,5,2,3,3,5,3,3,3,3,3,1,2,3,2,4,5,5,5,5,2
English,5,2,2,3,2,4,6,2,2,5,3,3,5,5,3,3,1,2,1,2,5,7,5,5,6,2
English,5,3,2,3,1,4,5,2,2,2,2,2,2,2,2,2,1,1,1,1,1,6,6,1,5,1
English,4,1,6,1,5,5,4,5,5,4,4,4,1,1,1,1,2,4,4,4,4,4,4,4,6,4
English,3,3,3,3,6,5,6,6,5,5,5,7,3,1,2,3,2,3,3,2,6,5,5,3,5,6
English,3,3,3,2,6,4,3,3,3,4,4,2,3,3,2,2,1,2,1,2,4,4,1,6,5,2
English,1,1,1,1,1,1,5,1,1,1,1,1,1,7,1,1,4,1,1,1,7,7,4,6,5,5
English,5,3,3,3,2,5,5,1,1,2,3,2,2,2,2,1,1,1,1,1,1,1,2,1,1,1
English,3,2,2,4,2,2,3,2,4,2,4,2,3,4,3,4,2,4,2,2,5,5,6,3,2,4
English,1,1,1,3,1,1,4,3,5,3,2,4,1,1,1,1,1,4,2,1,6,5,6,2,5,2
English,1,1,2,3,1,1,4,1,1,1,1,1,2,3,2,1,1,1,2,3,5,7,6,2,6,5
English,5,4,3,5,3,4,5,4,4,4,2,1,3,3,2,2,1,1,1,1,1,4,1,1,1,1
English,5,5,3,5,5,6,6,5,5,6,3,3,2,3,3,3,2,3,4,1,5,5,5,5,3,4
English,3,2,2,5,2,3,5,5,2,4,6,6,2,2,2,2,1,1,2,1,1,2,2,2,3,2
English,5,3,2,3,2,2,5,2,2,2,5,2,2,3,2,2,1,2,2,2,2,4,2,2,2,2
English,4,2,2,3,5,5,5,5,5,6,7,5,2,2,2,2,1,2,2,1,7,7,6,5,6,5
English,3,3,1,3,2,2,7,5,5,4,4,5,3,3,1,2,1,1,1,1,7,6,7,6,3,4
English,4,3,3,3,3,5,5,5,5,2,5,1,2,2,2,3,1,2,2,1,5,5,5,3,5,3
English,3,3,5,6,5,5,5,2,2,2,2,2,2,2,2,2,2,2,2,2,5,2,3,2,2,3
English,1,2,1,2,2,1,4,4,4,5,5,4,3,4,2,1,1,1,1,1,5,5,5,1,1,2
English,4,1,2,2,3,3,5,4,1,4,3,3,2,4,1,1,1,1,2,1,3,5,7,5,4,3
English,2,3,5,6,4,1,5,1,1,1,1,1,1,1,1,1,1,1,1,1,1,1,1,1,1,1
English,7,5,2,2,2,2,2,1,2,2,2,6,2,2,2,2,2,2,2,2,1,1,2,2,2,2
English,5,1,1,5,1,1,5,1,1,1,1,1,4,5,4,7,1,1,1,1,5,7,5,1,1,1
English,4,4,2,3,4,4,4,1,1,1,1,4,3,4,3,4,4,4,3,2,1,4,5,4,4,4
English,7,5,4,6,4,3,6,1,2,2,5,1,3,2,3,1,2,5,5,5,5,7,7,4,6,1
English,2,1,1,2,5,1,1,1,1,4,1,2,1,2,2,1,1,1,1,1,3,6,4,2,2,1
English,3,2,5,5,1,1,1,1,1,1,1,1,2,2,2,1,1,2,2,1,2,1,4,2,1,2
English,2,2,4,2,2,2,6,2,4,4,3,2,2,2,2,1,2,2,2,1,5,6,3,2,4,3
English,4,2,4,5,2,5,4,2,2,2,2,1,2,2,1,1,2,3,2,2,3,4,3,2,5,2
English,4,5,4,4,5,4,6,3,3,4,4,5,3,4,3,4,1,3,1,1,3,5,2,5,1,2
English,4,4,3,4,1,5,5,1,2,1,2,1,3,2,3,1,1,2,1,1,1,1,1,1,1,1
English,4,5,5,4,3,1,4,1,1,1,1,1,4,3,2,1,1,1,1,1,1,5,1,1,3,1
English,2,1,4,4,1,2,4,6,2,1,5,2,1,1,1,2,1,2,1,2,2,6,2,2,4,3
English,2,2,4,3,3,2,5,4,2,4,3,3,4,4,4,4,2,3,2,1,4,5,4,4,3,4
English,3,4,3,5,4,3,3,3,3,2,3,1,7,6,7,7,3,2,2,4,1,1,1,2,2,1
English,3,3,1,5,1,5,2,2,7,7,7,1,1,1,1,1,1,1,1,1,6,5,5,5,3,2
English,3,2,1,4,2,2,3,3,4,2,3,3,3,4,3,2,1,2,2,1,5,4,5,2,4,5
English,4,3,4,5,2,1,4,3,4,2,4,1,3,3,2,1,1,1,1,1,1,7,1,1,5,1
English,2,2,2,6,3,5,5,2,4,3,2,3,2,3,2,2,2,2,2,2,6,6,7,6,5,2
English,3,2,2,2,1,6,6,1,1,2,2,4,5,2,3,4,4,5,3,1,1,6,5,4,2,1
English,5,3,2,2,3,2,6,5,6,6,7,3,1,1,2,2,1,1,1,1,1,4,4,2,1,1
English,2,4,3,5,2,2,4,2,2,4,2,4,4,3,2,2,3,1,4,3,3,4,4,1,1,2
English,2,2,2,5,2,3,5,2,1,1,4,1,3,3,3,3,3,2,1,1,5,3,6,1,5,3
English,5,5,1,4,1,1,1,1,1,1,5,1,2,1,1,1,1,1,1,1,1,1,1,1,1,2
English,6,1,6,4,3,1,6,1,4,4,3,1,2,2,2,1,4,2,2,2,5,4,6,4,1,2
English,5,5,2,4,2,6,5,2,5,5,2,2,6,6,6,5,1,2,2,2,2,2,2,2,2,2
English,5,2,2,2,4,4,5,2,2,2,2,5,2,2,1,2,2,2,2,2,3,6,4,2,2,2
English,3,2,2,3,3,2,5,3,4,5,4,3,3,5,2,3,1,1,2,2,3,2,2,1,2,1
English,4,3,2,5,2,4,5,1,1,2,1,1,1,1,1,1,1,2,1,1,4,5,4,2,5,2
English,1,2,1,4,1,1,5,1,1,1,3,4,1,2,2,1,1,1,1,1,1,1,5,1,7,1
English,3,2,4,3,4,3,5,5,5,4,6,4,1,1,2,1,3,2,2,2,6,6,6,3,2,2
English,1,1,1,3,3,5,5,2,6,4,5,1,1,1,1,4,1,1,1,1,5,7,5,3,7,4
English,4,4,2,3,1,1,5,5,6,6,3,5,1,1,1,1,2,1,1,1,6,7,7,2,7,6
English,4,3,3,4,4,1,5,4,5,4,4,1,1,2,1,1,1,2,1,4,5,5,5,2,4,3
English,3,3,2,4,3,4,4,4,3,4,5,5,4,3,2,2,2,3,2,2,5,6,6,5,5,3
English,2,2,2,2,2,2,4,2,1,2,1,2,2,3,3,2,2,2,1,1,2,1,2,1,2,1
English,2,3,3,2,3,4,5,4,4,3,4,5,5,5,3,3,3,2,2,3,6,7,7,5,6,5
English,5,3,2,5,1,5,5,2,1,1,1,1,3,3,2,2,2,3,2,2,2,6,5,3,5,1
English,4,2,3,4,2,2,5,4,4,4,4,5,2,6,2,2,2,2,2,1,6,6,6,5,4,5
English,4,2,2,6,2,2,3,3,1,2,2,2,2,6,2,1,3,2,4,1,2,5,1,1,2,1
English,3,4,2,3,1,2,4,1,2,4,2,1,2,3,1,1,1,1,1,1,2,5,4,1,4,1
English,5,5,2,5,3,6,6,5,6,5,5,5,3,4,2,4,1,2,1,1,1,1,1,1,1,1
English,6,6,1,5,2,1,5,2,1,1,2,4,1,2,1,1,1,2,1,1,6,7,5,1,6,2
English,2,2,3,3,3,5,5,6,6,6,6,6,2,2,2,2,2,3,2,2,2,5,4,5,4,5
English,6,6,5,5,4,5,6,1,5,1,1,2,2,3,2,2,1,2,2,1,4,7,2,1,4,3
English,6,4,5,6,5,2,7,1,2,4,4,1,1,1,1,1,1,1,1,1,3,6,6,1,7,5
English,5,5,3,7,2,6,6,2,5,4,3,5,2,2,2,2,2,2,5,5,7,7,6,6,2,6
English,5,3,4,5,2,3,6,4,4,4,2,1,3,2,3,3,1,1,1,1,4,4,4,1,4,1
English,3,2,3,5,2,6,6,5,6,5,5,5,1,1,1,1,1,1,1,1,1,6,7,2,2,4
English,2,2,1,5,2,4,5,5,5,5,7,4,1,1,1,1,1,1,1,1,2,2,3,2,1,2
English,3,2,2,5,1,5,5,5,5,3,5,3,5,5,4,5,2,2,2,1,1,5,5,5,2,2
English,2,2,3,3,5,2,5,1,1,1,2,1,3,2,2,2,4,3,2,2,1,6,2,5,2,1
English,2,2,2,4,3,6,5,5,5,5,5,5,2,2,2,2,2,2,2,2,2,5,3,2,2,2
English,4,2,6,3,4,3,5,7,3,5,7,6,3,2,3,3,4,5,6,2,6,3,6,5,6,5
English,5,4,5,5,5,6,5,5,3,3,3,3,3,5,3,3,2,3,3,3,3,5,5,5,6,3
English,6,2,5,3,2,6,6,2,2,3,2,2,2,2,2,2,2,2,2,2,3,6,2,1,2,2
English,5,4,4,5,4,3,4,2,3,4,3,2,2,3,2,2,4,3,2,2,4,3,4,2,3,3
English,5,2,1,5,3,2,6,2,1,6,4,4,3,3,3,6,1,1,4,6,1,1,1,1,1,1
English,3,2,4,4,2,3,6,4,1,5,6,1,3,3,2,3,1,1,1,1,5,4,6,1,1,1
English,2,3,1,5,2,4,5,5,7,5,5,3,3,5,3,3,2,2,2,1,2,5,2,1,1,1
English,2,3,1,5,3,2,4,4,4,2,3,1,2,2,1,1,2,1,1,3,4,4,4,5,2,4
English,2,1,2,7,1,1,1,1,1,1,1,1,7,7,2,1,1,1,1,1,1,6,1,1,1,2
English,1,4,2,4,4,4,7,4,7,4,5,4,4,4,4,3,1,4,4,4,4,6,4,4,1,4
English,5,5,3,5,3,5,5,6,6,6,5,6,2,3,1,2,1,1,2,1,1,1,1,1,1,1
English,5,4,5,6,5,5,5,5,5,5,5,4,3,3,3,3,2,2,2,2,4,4,4,4,4,4
English,1,4,1,6,2,4,6,3,3,4,1,2,2,1,2,1,1,2,1,1,1,3,4,1,1,2
English,5,1,2,3,4,2,4,5,7,5,5,6,1,1,2,1,2,3,4,2,1,2,4,5,2,2
English,6,5,1,2,4,3,3,7,7,7,7,7,3,6,2,6,2,4,4,3,4,4,4,1,4,4
English,5,5,5,6,5,6,7,7,7,7,7,7,3,4,3,3,2,3,2,1,5,6,7,4,5,5
English,6,3,3,4,6,5,6,7,7,7,7,7,4,3,3,1,2,2,6,2,1,3,3,3,3,2
English,3,3,3,4,1,4,5,5,3,4,5,2,2,1,3,2,1,1,2,1,5,3,7,2,4,4
English,3,4,2,5,4,6,6,7,4,3,7,1,1,1,1,1,2,2,3,1,4,1,4,1,7,1
English,3,4,4,5,4,5,6,6,6,6,6,6,3,2,3,2,3,4,4,2,7,5,6,4,6,4
English,6,2,5,5,2,4,7,6,5,7,6,2,3,3,2,2,1,1,1,1,1,1,4,2,4,2
English,5,1,2,4,2,5,5,6,5,4,7,4,1,1,1,1,1,2,1,1,1,7,5,5,6,6
English,4,2,4,6,4,3,5,6,7,7,5,4,2,2,2,2,2,2,3,1,4,4,6,2,6,3
English,5,2,2,5,2,2,6,3,5,2,3,2,3,3,3,2,2,2,2,2,2,5,2,5,2,2
English,4,2,1,4,2,4,6,4,4,5,5,3,6,6,6,6,2,4,1,2,6,6,6,5,5,4
English,5,2,1,6,1,4,5,2,4,5,5,3,2,3,2,2,1,1,1,1,1,4,4,1,4,1
English,1,2,1,4,2,5,7,5,1,7,6,4,4,4,3,5,2,1,1,2,1,7,1,1,4,1
English,5,5,5,4,7,6,6,4,1,4,4,4,1,1,1,1,1,1,1,1,6,7,6,4,7,3
English,6,2,5,2,4,4,6,4,4,2,4,2,2,2,2,2,2,2,2,2,4,6,2,6,6,4
English,5,6,2,5,2,6,6,1,1,1,1,1,1,4,2,2,1,2,1,1,1,2,1,1,6,1
English,6,5,5,1,2,1,5,1,1,1,6,1,1,1,1,1,1,2,1,5,5,6,7,6,4,3
English,2,2,4,3,2,2,4,1,4,2,1,2,3,3,2,2,2,2,1,2,5,6,4,5,2,4
English,4,2,4,3,2,5,5,2,2,2,5,5,3,4,2,2,1,1,2,2,1,4,2,3,5,2
English,4,3,1,2,1,3,3,1,1,1,3,1,2,4,1,1,2,1,1,1,1,5,1,1,4,1
English,4,3,1,4,1,1,7,1,1,1,1,1,1,1,1,1,1,1,1,1,6,7,7,6,2,2
English,5,3,5,5,5,3,6,1,2,2,1,3,5,5,5,4,1,3,2,5,6,6,6,6,5,2
English,6,5,3,3,5,6,6,2,2,3,1,1,4,4,4,2,2,2,2,2,1,7,5,6,5,1
English,2,2,1,2,2,1,5,1,2,2,5,2,2,2,3,2,1,2,1,1,6,5,6,6,5,5
English,1,1,1,4,1,4,1,1,1,1,1,1,4,5,4,2,1,6,2,1,5,7,6,5,1,1
English,6,5,3,6,5,3,7,1,1,1,1,1,3,5,4,1,1,1,1,1,1,1,1,1,1,1
English,5,5,2,3,2,4,5,1,4,1,1,2,2,3,2,3,2,2,2,1,2,4,4,3,4,3
English,5,6,5,4,5,6,4,4,5,6,6,3,3,3,3,5,5,6,5,5,5,6,5,5,5,5
English,5,5,2,6,4,6,6,1,1,1,1,1,2,2,1,1,1,3,1,1,4,7,7,5,5,4
English,5,4,3,5,2,4,6,2,3,5,5,4,1,1,1,2,2,2,4,2,2,5,2,2,2,2
English,5,5,3,6,2,5,3,1,1,1,1,1,6,7,6,6,1,3,1,1,1,4,4,1,4,1
English,1,2,1,3,2,2,5,2,6,5,5,6,1,1,2,1,7,6,7,5,3,2,3,5,6,2
English,2,2,1,2,1,4,7,1,4,1,2,1,3,2,3,1,1,1,1,1,5,4,7,5,5,1
English,5,3,4,5,3,5,5,3,4,3,5,2,2,3,2,2,1,1,1,1,2,1,1,4,4,1
English,6,6,6,6,4,6,6,2,3,2,2,4,2,2,1,2,3,4,2,2,5,6,5,4,5,2
English,6,5,5,5,5,6,6,1,1,1,1,1,3,3,2,2,1,1,2,1,1,1,1,1,1,1
English,5,2,7,3,3,5,6,2,2,1,4,6,5,2,2,2,1,1,1,7,5,7,6,7,7,5
English,5,4,5,7,4,5,7,6,4,7,7,6,2,1,1,3,1,1,1,6,6,7,6,7,5,4
English,6,7,6,5,2,7,5,1,5,4,3,2,1,2,2,2,4,4,3,3,1,4,4,4,4,2
English,5,4,4,5,3,3,6,1,1,3,2,1,2,3,1,4,2,1,2,4,2,7,5,2,6,2
English,6,5,5,5,5,6,6,1,1,3,1,5,1,1,2,1,1,2,2,1,5,6,3,5,2,5
English,6,5,4,3,5,5,7,2,5,5,4,4,3,2,2,2,3,3,3,3,5,6,6,6,6,4
English,3,4,5,6,1,2,5,2,1,3,3,1,3,2,3,3,3,1,3,2,2,5,5,5,3,1
English,1,2,1,6,1,1,5,1,1,5,1,1,7,7,7,2,1,1,1,1,1,1,1,4,2,1
English,5,3,3,6,5,5,6,2,5,6,5,2,1,1,2,2,1,2,2,3,7,6,3,2,6,3
English,7,3,3,3,3,3,7,1,6,4,7,3,1,1,1,1,1,2,2,5,7,7,7,7,6,5
English,5,5,5,3,2,6,6,3,5,2,6,5,3,5,5,6,1,2,1,2,2,4,4,2,4,1
English,3,3,2,3,2,5,6,4,2,2,2,2,2,2,1,1,2,2,3,2,1,4,4,2,1,4
English,1,2,1,3,3,2,6,1,5,3,3,1,3,3,3,1,3,3,3,3,2,5,7,4,2,2
English,2,1,1,4,2,1,5,1,1,1,1,1,5,5,4,2,1,1,1,1,1,1,2,1,1,1
English,5,5,5,5,5,5,5,2,5,3,2,3,3,3,3,3,3,3,3,2,6,6,5,5,5,5
English,1,1,1,3,1,1,6,1,1,3,1,1,1,1,1,2,1,1,1,1,2,5,1,1,2,1
English,7,7,7,7,5,6,7,2,2,3,3,1,1,2,2,3,5,3,2,5,4,5,4,1,2,2
English,4,4,5,3,3,5,5,2,5,5,4,4,3,4,3,3,2,3,2,4,2,1,5,2,2,3
English,4,2,4,5,2,5,6,4,5,4,3,3,3,3,2,2,4,5,5,2,5,5,5,3,2,4
English,5,3,5,5,2,5,6,5,4,5,3,4,2,2,2,2,1,2,1,1,6,6,6,6,6,6
English,5,4,4,6,5,4,4,2,3,4,4,4,2,2,2,3,2,4,3,2,5,6,5,6,6,4
English,4,2,3,5,2,4,6,2,2,4,2,2,1,1,1,1,5,2,4,5,4,6,6,4,5,4
English,4,4,1,2,1,4,6,6,7,4,1,1,2,4,1,4,1,5,1,1,1,4,7,3,1,1
English,5,5,3,3,2,4,5,3,2,4,4,4,2,2,2,2,1,2,2,1,6,6,7,3,6,4
English,7,5,6,6,5,7,7,4,5,2,2,5,2,2,2,1,2,1,1,2,7,7,7,7,7,3
English,6,2,6,5,5,5,6,3,2,6,2,2,3,2,5,6,3,5,5,2,3,5,3,3,6,2
English,2,2,1,5,1,3,5,1,4,2,2,2,2,2,2,2,1,1,1,1,3,6,2,1,2,1
English,3,3,2,2,2,5,6,1,4,2,2,2,2,2,2,2,2,2,2,2,1,5,4,3,6,2
English,1,1,1,4,1,1,5,1,1,1,1,1,6,7,5,2,1,1,1,1,6,6,3,5,6,1
English,5,5,2,3,5,3,5,2,2,2,2,2,6,6,4,5,2,2,2,2,2,4,2,2,4,2
English,4,6,6,6,4,3,7,3,5,4,4,5,4,4,6,3,2,1,1,1,2,5,2,4,4,1
English,3,5,4,4,4,5,5,5,4,5,5,6,2,2,2,3,3,5,5,2,5,6,4,5,6,3
English,5,5,5,5,2,5,5,2,3,4,5,3,3,2,3,3,2,2,2,1,4,6,6,6,6,5
English,5,5,5,6,3,5,6,2,3,4,3,3,3,2,2,2,2,3,2,3,4,5,5,5,5,2
English,5,5,2,6,5,5,6,2,5,4,3,2,3,3,3,2,2,5,2,2,2,2,2,2,4,2
English,4,2,2,5,3,3,4,2,4,3,5,1,1,2,1,1,1,1,1,1,5,6,5,2,7,3
English,5,5,1,5,3,5,7,1,2,7,4,2,1,1,1,1,2,1,1,2,5,6,5,1,7,2
English,3,3,2,5,2,2,5,4,5,5,5,2,2,2,2,1,1,2,1,1,6,6,5,4,5,2
English,2,5,7,4,4,5,6,6,7,4,4,2,1,1,1,1,3,2,4,5,4,7,4,6,6,3
English,5,4,1,4,1,1,5,1,1,1,4,1,1,1,1,1,1,1,1,1,1,1,1,1,1,1
English,1,1,1,6,4,1,5,1,1,4,1,1,1,1,2,1,1,1,1,1,1,1,1,1,1,1
English,5,2,3,5,4,5,5,4,2,4,4,2,2,2,2,2,1,2,1,1,1,2,5,1,4,1
English,3,2,3,4,3,4,3,2,2,3,4,2,3,3,2,2,2,4,2,3,3,5,3,3,5,3
English,5,3,4,3,2,6,4,2,1,2,2,2,4,6,4,5,4,3,6,2,1,4,1,5,1,2
English,6,2,1,6,2,1,5,1,1,1,1,1,1,1,1,1,1,1,1,1,2,6,2,2,1,1
English,4,5,4,4,4,5,4,7,7,6,6,6,3,3,3,5,2,2,2,1,4,4,3,2,1,3
English,6,6,7,7,3,5,7,6,7,6,5,6,2,2,2,5,2,3,5,1,2,2,4,2,2,2
English,6,5,5,6,5,2,6,6,6,6,6,6,5,5,3,5,2,2,2,2,2,4,2,2,2,2
English,5,6,3,6,5,4,6,1,4,2,5,4,2,1,1,2,1,2,1,1,5,4,6,4,4,3
English,5,5,5,6,3,5,6,5,3,6,2,5,1,1,1,1,3,5,1,2,2,5,5,6,5,2
English,5,5,3,5,6,5,6,5,4,4,6,5,2,2,1,1,1,1,1,1,5,1,1,1,1,1
English,4,4,5,6,4,6,4,4,5,4,5,4,2,2,2,1,2,3,2,2,6,6,7,7,6,5
English,5,2,3,4,5,5,6,4,5,4,4,5,3,5,2,2,2,3,3,2,2,4,5,2,5,2
English,5,2,2,6,3,5,5,1,1,4,4,1,1,1,2,1,1,2,1,5,1,1,1,1,1,1
English,5,4,4,5,5,5,5,7,6,6,6,1,3,3,3,5,1,1,2,3,5,4,6,5,3,4
English,6,1,3,5,5,1,7,4,6,4,5,2,1,2,1,1,1,1,2,1,2,1,7,1,4,1
English,4,3,2,6,4,5,4,4,5,4,6,3,1,1,1,1,2,2,2,2,1,6,6,4,6,4
English,4,3,3,4,3,2,5,5,5,5,3,4,3,3,1,1,3,3,3,2,6,5,7,5,4,3
English,3,2,2,2,4,4,5,4,5,6,2,5,2,6,2,2,4,4,2,2,2,4,2,2,5,2
English,1,1,1,3,1,2,2,3,5,4,5,3,2,1,1,1,2,2,3,1,6,6,6,4,6,5
English,4,5,4,4,5,5,4,3,4,2,2,2,3,3,2,3,2,2,2,2,2,4,2,4,3,2
English,5,4,7,4,5,4,2,4,4,5,5,4,6,6,6,6,3,6,3,3,6,5,5,4,5,4
English,1,1,1,1,1,1,5,3,2,5,5,1,1,1,3,4,1,2,1,1,3,7,4,1,1,1
English,5,3,2,4,3,4,6,1,3,4,2,2,1,2,1,2,5,5,5,3,2,5,5,4,2,2
English,5,3,2,5,6,3,5,1,1,2,2,2,2,2,2,3,1,2,2,1,1,2,2,2,2,3
English,4,4,2,6,5,5,6,3,6,6,1,4,6,5,4,5,5,5,5,4,2,3,3,3,3,4
English,2,6,2,2,2,2,2,2,2,2,2,3,2,3,2,2,2,2,2,2,2,2,2,2,2,2
English,3,3,2,3,2,5,5,2,2,5,2,4,5,6,5,5,2,2,2,2,5,6,2,6,6,4
English,6,5,3,2,6,5,5,3,6,5,6,5,4,4,2,4,5,5,6,6,5,5,4,6,6,5
English,2,2,2,2,3,2,5,1,4,1,1,1,5,5,2,2,1,1,1,1,3,3,4,2,5,2
English,3,5,4,3,1,2,6,3,6,1,1,6,6,5,5,5,4,5,2,1,5,5,1,1,3,1
English,2,2,4,4,3,4,5,4,4,5,4,4,1,2,1,1,2,2,2,3,5,5,6,4,5,3
English,3,2,4,4,4,5,6,6,7,6,5,3,6,4,4,6,1,5,3,2,2,4,4,6,6,4
English,5,2,2,6,2,4,5,6,6,6,7,6,2,2,3,1,2,2,2,2,7,7,1,7,7,5
English,4,3,2,5,4,3,5,7,6,7,5,5,4,5,3,3,2,1,2,2,6,2,6,3,3,2
English,5,1,2,5,1,4,5,5,4,6,5,2,2,4,2,2,1,1,2,1,4,4,5,1,2,2
English,6,5,5,5,5,5,6,2,2,4,4,2,3,2,2,2,1,2,1,1,4,5,4,4,3,3
English,4,4,5,5,5,4,6,4,4,5,4,4,2,2,2,2,2,2,2,2,3,2,5,3,5,3
English,5,3,5,5,3,6,6,6,6,6,6,5,6,6,5,7,2,3,3,1,1,4,1,1,4,1
English,5,6,5,6,5,6,6,4,5,5,5,3,2,2,2,3,3,3,2,3,5,6,5,6,6,5
English,6,5,5,5,6,6,6,1,5,6,7,5,2,3,1,4,1,1,1,1,1,1,1,1,1,1
English,6,1,1,3,3,3,5,1,4,1,2,1,3,2,1,1,1,1,2,1,1,4,4,1,1,3
English,3,2,2,4,2,1,5,5,6,5,6,3,2,2,2,2,1,1,3,2,1,2,4,1,1,1
English,5,3,5,3,5,7,7,7,7,7,7,7,2,2,2,2,5,5,5,2,7,6,7,5,7,2
English,6,5,6,5,2,2,6,6,6,6,6,2,2,2,2,2,1,1,1,1,5,7,7,6,6,5
English,3,5,1,7,4,7,6,4,2,5,5,2,2,2,2,1,1,1,2,1,5,6,5,4,5,1
English,5,5,5,5,5,5,5,6,6,5,6,7,3,3,3,4,3,3,3,4,6,6,6,4,5,5
English,5,5,2,5,3,3,6,6,7,6,7,5,5,5,1,3,1,5,1,1,6,7,7,7,7,2
English,5,4,5,5,5,3,6,5,6,5,5,5,2,1,2,4,1,2,1,1,2,2,2,2,2,1
English,5,5,4,4,3,3,4,7,7,7,7,7,2,1,1,1,1,2,1,3,2,5,7,3,6,1
English,2,4,1,5,1,2,5,1,1,2,2,1,2,1,1,1,1,1,1,1,2,7,1,1,1,2
English,3,2,1,5,2,5,7,7,7,7,7,7,2,3,2,1,1,1,1,1,7,3,6,5,5,3
English,4,2,3,7,5,6,6,7,7,7,7,2,1,1,1,1,1,1,4,1,1,6,5,5,6,1
English,2,5,3,7,1,7,7,5,5,7,7,1,1,1,1,1,1,1,1,1,7,7,7,4,7,6
English,4,5,5,5,6,6,6,7,7,7,7,7,2,2,2,1,1,1,2,1,1,4,4,4,4,4
English,5,2,5,6,4,6,6,7,7,7,7,5,1,1,2,3,1,2,1,1,1,4,3,7,4,2
English,1,1,1,3,1,3,6,6,5,6,5,5,1,2,1,1,1,1,1,1,6,1,1,1,1,1
English,5,2,3,5,1,5,7,7,6,6,7,6,1,2,1,2,3,1,2,3,4,4,4,5,4,3
English,4,3,5,7,3,4,4,5,6,4,5,4,1,1,1,1,1,1,1,1,7,7,6,5,7,4
English,4,4,6,5,5,4,6,5,5,6,7,4,1,2,2,3,2,2,1,1,1,1,1,2,1,1
English,6,5,4,5,5,6,6,6,5,4,5,4,2,1,2,1,1,1,1,1,1,1,1,1,4,1
English,6,7,5,6,7,7,7,5,7,2,7,7,3,1,1,1,1,1,1,1,7,7,7,7,5,7
English,1,4,1,1,2,2,6,6,6,2,2,2,5,5,3,6,1,1,1,1,6,6,6,6,1,2
English,4,1,4,5,1,1,5,4,1,4,3,1,1,1,1,1,1,1,1,1,4,5,4,2,5,1
English,5,7,4,3,6,7,5,5,5,1,7,5,1,1,1,1,1,2,1,2,3,7,1,1,7,2
English,4,3,5,5,5,3,5,3,4,5,5,5,2,2,5,3,2,3,3,5,4,4,3,3,4,3
English,2,5,1,3,1,1,4,5,7,2,7,3,1,1,1,1,1,2,2,1,1,4,7,1,1,1
English,6,3,2,6,5,1,6,1,4,4,6,1,1,1,1,1,1,1,1,1,6,6,6,1,7,1
English,7,7,6,7,6,5,6,7,3,7,6,7,4,1,3,1,6,3,3,5,7,3,6,3,4,7
English,5,5,3,5,6,3,7,2,2,5,5,2,3,2,2,2,2,3,3,1,6,5,6,5,6,3
English,5,4,2,2,3,3,4,4,3,5,2,2,3,3,3,5,3,4,4,5,2,6,1,2,4,2
English,5,5,1,4,1,7,6,1,1,5,1,1,2,1,1,1,2,1,1,2,7,7,5,5,7,7
English,5,5,6,6,3,5,4,2,2,4,4,3,2,5,5,5,3,3,3,3,5,6,4,4,6,2
English,5,5,6,6,6,5,6,5,5,1,2,1,1,1,1,1,4,3,2,2,7,7,7,6,6,2
English,6,3,1,1,2,1,7,1,1,2,2,2,1,1,1,1,1,1,1,1,5,7,7,7,7,3
English,6,5,5,6,6,7,6,1,1,2,3,1,2,2,2,2,1,3,1,1,6,7,5,5,7,5
English,5,5,3,6,4,5,6,1,1,1,1,1,3,6,2,5,1,2,2,1,2,6,7,5,6,5
English,3,5,4,6,3,5,5,1,2,4,2,2,2,2,2,2,2,4,2,2,6,6,4,2,3,4
English,5,5,2,6,3,2,2,2,4,2,2,2,2,2,4,2,2,2,2,2,2,5,5,2,4,2
English,6,6,5,7,6,5,6,1,1,1,1,2,1,1,1,2,2,2,4,2,1,5,1,1,1,1
English,5,4,2,3,5,5,5,1,1,1,1,6,2,3,2,2,4,6,4,2,2,6,5,6,5,1
English,5,5,6,5,6,6,6,1,1,1,2,4,1,2,2,1,5,2,5,1,7,7,6,6,7,2
English,5,5,6,5,2,6,6,2,2,5,2,2,2,3,2,4,2,2,1,2,7,6,4,4,2,4
English,5,5,5,3,5,5,6,1,4,3,3,1,2,3,1,3,2,1,2,1,1,1,1,1,4,1
English,6,6,6,6,5,6,7,1,4,3,4,5,1,1,1,1,1,1,1,1,5,5,3,5,5,1
English,3,4,5,5,2,5,6,1,5,2,3,2,1,1,2,1,1,1,1,2,5,7,6,7,5,5
English,6,3,6,2,5,1,6,1,6,5,5,4,1,1,2,2,2,2,3,2,6,5,2,2,2,1
English,6,4,5,5,5,5,5,3,4,5,6,5,2,2,2,2,4,2,4,2,5,7,5,6,5,2
English,7,7,5,7,4,7,6,1,1,1,2,2,3,1,1,2,1,3,2,1,1,2,2,1,1,2
English,6,6,6,6,3,7,7,3,5,5,3,5,1,1,1,1,1,3,3,2,1,1,1,1,1,1
English,2,2,5,2,1,5,5,2,6,3,5,5,2,1,1,1,2,1,2,1,2,5,7,6,7,6
English,6,6,6,6,2,5,7,1,1,4,5,2,2,2,1,1,6,5,5,2,7,6,6,6,6,5
English,6,5,5,6,5,5,5,2,3,2,2,2,5,5,2,3,1,2,2,2,2,3,2,2,2,2
English,5,2,5,6,6,2,7,2,2,4,6,2,2,2,2,2,2,2,2,2,2,6,2,3,6,6
English,5,4,3,6,3,4,6,2,2,6,5,1,1,1,1,1,1,3,2,2,3,1,6,1,4,1
English,5,5,5,5,3,5,6,5,2,2,3,2,3,3,2,5,2,3,2,2,2,6,3,2,2,2
English,5,4,3,3,2,1,5,2,1,1,3,1,2,3,1,2,1,1,2,1,1,5,4,3,6,1
English,5,5,6,4,4,5,6,5,6,4,5,4,3,2,2,2,2,2,1,2,1,1,1,1,1,1
English,5,1,5,6,3,2,6,1,2,1,2,2,2,2,2,2,2,2,2,2,5,7,6,6,6,2
English,6,6,5,6,5,7,2,1,1,2,1,1,6,6,6,5,1,1,1,1,1,1,1,1,4,1
English,6,5,2,5,2,2,5,1,1,1,4,4,4,4,3,2,1,2,1,2,1,1,1,1,1,1
English,6,7,6,7,5,6,7,1,1,1,1,1,3,5,5,3,2,5,2,1,7,7,6,2,6,2
English,6,5,6,3,6,4,3,3,3,5,2,4,3,5,4,5,3,3,4,2,1,2,2,2,2,1
English,2,5,2,3,4,5,2,1,2,4,6,2,1,1,1,1,5,2,4,2,2,7,5,6,2,4
English,1,2,5,7,7,5,2,6,5,5,5,2,1,2,1,1,1,4,1,4,3,4,6,4,5,1
English,7,5,6,7,7,7,7,4,5,6,5,5,6,6,5,6,4,4,3,5,4,7,6,5,6,5
English,6,5,5,6,5,6,7,2,2,4,5,2,4,7,6,6,5,4,5,4,4,7,7,6,5,2
English,7,5,2,6,5,6,6,2,2,6,4,2,2,2,2,2,3,2,2,7,6,7,6,6,7,2
English,4,5,2,6,6,5,6,2,2,2,2,2,2,2,2,2,2,2,2,2,5,6,6,5,5,2
English,3,4,2,3,3,5,6,1,1,1,1,6,3,2,3,2,2,1,2,1,3,5,3,1,5,3
English,3,4,4,5,2,5,5,4,5,3,4,6,4,4,3,3,2,4,2,2,4,2,3,5,3,3
English,7,7,6,7,6,7,7,1,1,3,4,1,1,1,1,2,1,3,1,1,1,1,1,1,1,1
English,5,4,3,6,4,4,4,2,2,2,2,3,4,5,4,4,3,3,2,2,6,6,6,5,5,6
English,3,3,3,3,3,5,5,2,4,2,2,2,2,2,1,1,4,4,3,3,5,7,6,7,6,5
English,5,6,5,7,4,5,5,1,2,1,3,1,3,2,2,1,1,1,1,1,1,1,1,1,1,1
English,2,5,5,3,2,5,5,1,1,1,2,1,2,3,2,2,1,5,2,2,5,6,6,6,6,2
English,6,5,6,7,6,5,5,2,3,5,5,2,2,4,1,2,1,5,2,2,1,1,1,1,1,1
English,5,5,6,6,4,5,6,4,2,5,4,4,3,3,4,3,2,2,2,4,6,6,6,4,5,5
English,5,1,6,3,3,1,4,1,1,1,4,1,2,1,2,2,1,1,1,1,1,1,1,1,1,1
English,2,6,5,5,2,5,7,1,2,1,1,1,2,3,3,6,1,2,1,1,7,7,5,7,6,5
English,2,7,6,7,6,7,6,1,6,6,3,4,4,6,2,3,1,1,2,2,7,7,6,6,2,4
English,6,6,7,6,6,7,7,5,5,5,6,6,3,3,3,5,3,3,5,2,5,3,5,2,3,2
English,6,4,2,7,5,6,6,2,4,4,4,2,2,2,3,2,2,2,2,2,4,2,2,2,4,2
English,6,5,6,5,5,5,6,1,1,4,5,4,2,2,2,2,1,2,2,1,7,6,6,6,6,6
English,5,2,1,2,1,1,6,1,2,1,1,1,2,1,1,1,1,1,1,1,1,1,1,1,6,1
English,2,1,2,4,2,3,5,2,4,3,2,3,2,2,2,2,3,3,2,2,1,1,1,2,1,2
English,2,5,2,3,4,4,6,1,3,2,2,3,2,2,1,1,5,2,2,1,1,4,1,1,4,1
English,7,6,7,7,5,7,6,2,2,2,2,3,5,6,6,5,1,5,1,1,6,7,6,6,7,5
English,7,5,5,5,5,6,5,2,2,3,6,6,1,2,2,1,3,6,6,5,5,6,6,6,6,5
English,6,5,5,6,5,6,6,1,1,4,4,1,1,1,1,3,1,1,3,1,1,5,1,1,1,1
English,4,2,4,5,1,3,2,1,1,4,4,3,3,4,3,1,1,1,1,1,1,1,1,1,1,1
English,6,5,6,5,5,6,7,5,7,5,6,5,1,1,1,2,2,2,3,1,5,3,5,4,2,5
English,5,2,3,1,5,1,7,6,6,5,5,6,2,2,2,2,1,1,1,1,2,1,2,2,4,1
English,6,6,6,1,3,3,7,5,4,4,5,6,5,1,4,7,4,7,3,4,7,5,6,6,6,6
English,2,3,3,3,1,1,3,1,1,2,1,1,2,2,2,1,1,4,1,1,7,6,7,1,6,6
English,6,3,3,2,3,4,6,5,2,2,6,2,2,2,2,2,2,2,2,2,2,6,2,4,2,4
English,5,1,5,2,1,2,5,1,1,3,1,1,2,2,1,1,1,1,1,2,3,3,3,2,3,1
English,1,2,5,7,1,1,1,1,5,1,5,1,3,3,3,5,1,1,1,1,1,5,1,2,2,2
English,5,1,1,4,3,5,5,5,6,6,5,5,2,3,2,2,2,3,1,1,1,5,4,5,4,1
English,6,6,6,6,6,6,6,4,4,4,5,6,2,3,3,2,2,2,2,2,6,6,6,7,7,6
English,6,5,7,6,3,5,6,1,2,2,4,2,2,2,2,2,1,2,2,1,2,1,1,1,2,1
English,5,5,5,6,4,5,6,1,4,4,6,4,2,2,2,2,3,4,3,2,5,6,6,4,6,4
English,6,5,4,6,5,7,6,2,5,4,2,5,2,3,2,2,2,2,3,2,6,6,6,7,6,5
English,5,5,4,5,5,4,6,5,5,4,4,5,1,1,2,3,2,5,3,2,5,4,5,4,4,2
English,6,3,2,2,3,2,5,2,2,2,2,2,2,2,2,2,2,2,2,2,3,5,2,2,2,2
English,5,4,6,2,4,4,6,6,2,6,3,5,6,5,6,3,1,6,3,5,6,4,6,4,2,2
English,5,5,5,6,5,6,7,1,2,3,3,1,2,1,1,1,1,1,1,1,7,7,7,7,7,7
English,6,5,6,6,5,2,6,2,2,2,3,2,5,6,5,6,2,2,2,2,2,2,3,2,2,2
English,6,4,5,5,6,7,7,2,1,2,7,1,1,1,1,2,1,1,1,1,2,7,6,6,4,2
English,5,5,5,6,5,5,6,2,2,3,5,2,2,2,1,2,1,3,2,1,3,4,3,5,2,4
English,5,5,2,6,6,5,5,5,5,5,5,5,3,3,3,4,1,2,2,2,2,3,5,2,3,4
English,6,6,2,5,3,1,6,2,5,2,2,4,2,2,2,1,3,1,1,1,2,6,4,6,6,3
English,6,5,5,6,5,1,6,3,1,3,1,2,2,2,3,1,1,1,1,1,1,6,1,5,1,1
English,7,1,5,7,1,1,7,1,1,4,2,1,3,3,3,5,1,6,1,1,1,3,3,5,5,1
English,2,5,2,5,5,5,5,2,2,2,2,2,2,2,2,2,2,2,2,2,5,6,5,5,5,2
English,5,3,2,3,5,5,5,4,2,5,4,5,5,5,3,3,1,2,2,4,5,5,6,5,5,5
English,5,2,5,6,2,5,5,2,3,2,5,2,2,2,2,2,2,2,2,1,6,6,7,6,6,5
English,6,5,2,5,5,6,6,5,5,6,7,5,1,1,1,1,5,5,5,5,1,4,6,2,1,1
English,5,5,5,3,2,2,6,5,4,5,5,6,2,2,2,2,2,2,2,2,6,6,6,6,6,6
English,6,6,5,4,5,4,7,4,5,4,3,1,2,3,1,2,1,5,2,1,1,1,1,1,1,1
English,6,4,2,7,6,6,6,3,5,5,6,5,2,2,1,1,2,2,4,3,3,6,5,6,6,2
English,2,4,3,4,2,3,2,2,2,2,2,2,6,3,5,5,2,2,2,2,3,6,3,2,3,3
English,6,3,5,6,5,5,6,4,6,6,7,5,3,3,3,1,4,1,4,1,1,1,5,3,5,3
English,6,5,4,7,5,5,6,4,3,5,4,4,2,3,2,2,2,5,2,2,1,2,1,2,3,2
English,5,5,5,7,5,6,6,4,4,4,6,4,2,3,4,4,1,4,3,1,5,4,5,4,6,4
English,5,2,2,1,5,5,6,5,5,6,6,4,1,1,1,1,2,1,1,1,2,2,5,5,2,2
English,6,6,4,6,5,5,7,6,6,6,6,5,1,1,1,1,1,2,1,1,1,1,1,1,1,1
English,7,6,5,6,6,6,6,3,2,6,5,3,1,1,1,2,5,4,4,5,7,7,7,6,7,5
English,4,4,5,3,5,6,5,3,4,3,2,2,2,2,2,3,3,3,6,5,4,5,5,7,5,3
English,2,4,4,4,2,4,6,1,2,5,1,4,2,3,2,2,2,2,3,2,5,6,2,2,3,2
English,2,3,5,5,1,3,3,1,3,1,1,1,1,2,1,1,2,1,1,1,7,7,7,7,7,6
English,7,5,7,4,2,6,7,7,7,7,7,7,1,1,1,1,7,3,4,7,1,2,5,2,7,7
English,4,3,2,5,3,3,4,5,6,5,6,5,2,3,1,1,2,2,2,2,5,4,7,3,5,2
English,6,5,5,6,3,6,6,2,4,2,2,3,2,3,2,2,2,2,2,5,5,5,6,5,7,6
English,3,5,2,4,4,5,5,5,5,6,5,4,3,6,6,5,3,4,2,2,5,6,6,5,4,5
English,5,3,5,6,5,5,6,4,5,4,4,1,2,2,3,3,2,5,2,4,2,4,4,2,2,2
English,7,6,6,7,3,1,7,1,4,1,1,1,3,5,5,2,2,6,5,3,1,4,3,1,7,5
English,5,5,3,7,5,6,7,6,6,7,7,6,1,1,1,1,3,2,3,3,2,6,5,4,3,1
English,5,5,3,6,4,4,5,5,5,4,4,4,3,3,3,2,4,5,5,3,3,5,5,3,5,3
English,4,4,4,5,6,4,6,4,4,5,3,3,3,3,3,2,3,2,2,2,2,4,5,2,4,2
English,2,2,2,2,2,4,2,1,2,2,2,2,3,6,6,2,2,1,2,1,2,4,2,1,5,3
English,5,4,3,3,2,3,3,1,2,2,5,1,2,3,3,3,1,2,1,1,6,5,5,7,7,7
English,5,5,2,3,2,6,5,3,4,5,4,5,5,5,4,2,1,1,2,1,7,6,6,5,2,3
English,6,5,5,5,4,5,5,4,4,4,4,5,4,3,3,5,2,2,2,2,5,5,5,5,6,4
English,5,3,2,5,3,3,6,2,2,2,3,5,1,1,1,1,1,1,1,1,5,7,5,2,2,3
English,5,6,6,6,3,6,7,2,3,3,3,1,2,3,3,5,1,2,1,1,7,7,6,7,7,6
English,6,4,5,6,4,5,5,5,5,6,5,2,2,3,2,2,3,2,4,2,2,2,2,2,2,2
English,6,4,2,6,3,4,5,3,4,4,4,3,1,3,1,3,3,4,3,3,3,6,6,4,2,2
English,5,2,4,6,5,5,5,4,7,5,4,3,2,3,2,2,1,2,2,2,6,6,5,5,6,5
English,3,5,4,5,4,3,6,5,6,6,5,4,5,5,5,6,2,3,3,2,1,2,1,1,1,1
English,6,7,6,7,5,2,6,4,2,6,5,2,3,3,2,3,5,3,6,3,2,6,6,6,7,1
English,6,5,5,6,2,2,6,3,4,2,5,3,4,3,3,5,2,1,1,2,6,5,6,5,1,6
English,5,2,3,2,1,1,7,3,3,2,5,1,1,2,2,6,1,2,1,2,4,5,6,1,2,2
English,6,7,6,7,7,6,6,7,7,7,6,6,5,5,3,5,1,1,1,1,1,1,1,2,3,1
English,5,2,3,3,2,4,4,6,6,5,6,6,2,3,2,2,3,2,2,2,3,6,4,5,6,4
English,5,5,3,4,5,5,5,5,6,6,7,5,1,2,2,1,2,2,2,2,5,5,6,5,6,3
English,3,3,3,6,5,5,6,6,7,6,6,2,4,6,6,5,2,1,1,1,6,2,5,1,3,1
English,6,6,6,5,4,6,7,5,5,5,5,5,4,3,4,4,2,3,3,3,2,2,2,4,3,2
English,5,2,3,5,1,5,6,6,6,6,7,6,2,3,2,2,1,1,1,2,4,7,4,5,2,4
English,4,5,4,5,5,6,5,3,2,5,3,2,3,5,4,5,4,2,2,2,2,5,5,2,4,2
English,7,6,7,6,5,7,7,7,6,6,6,6,1,1,1,2,1,2,3,2,6,7,7,7,6,2
English,6,5,6,6,3,3,6,7,7,7,6,7,2,2,2,3,2,3,2,3,5,6,5,5,2,3
English,2,5,3,3,5,5,5,6,6,6,6,5,1,2,2,1,2,2,2,2,6,6,7,6,5,2
English,5,5,5,6,5,6,5,5,5,5,6,3,3,2,3,3,2,2,2,2,2,2,2,2,2,2
English,6,5,5,6,5,6,6,5,5,5,5,3,2,3,2,2,2,2,2,2,2,1,1,3,1,2
English,5,6,6,7,5,6,7,2,5,5,5,2,2,3,2,1,1,1,1,1,5,6,6,5,6,1
English,5,6,3,5,5,3,5,5,5,6,6,5,5,4,5,5,1,2,2,2,1,6,5,6,5,1
English,5,2,7,3,5,2,7,1,6,5,1,1,1,1,2,1,1,2,2,1,2,5,2,1,1,2
English,6,6,5,6,6,7,7,7,7,7,6,5,1,2,1,2,2,3,6,2,4,4,4,4,4,3
English,5,3,3,6,2,4,6,7,7,7,7,7,1,1,1,1,5,2,6,2,4,5,7,5,4,4
English,6,5,6,6,7,6,6,7,7,7,7,6,1,1,1,1,6,5,1,1,1,4,6,1,2,5
English,6,4,5,6,4,5,6,7,7,6,6,6,1,2,2,1,2,1,1,2,6,7,7,7,7,3
English,5,5,5,5,5,2,6,7,7,7,6,7,1,1,1,1,2,3,5,1,7,7,7,7,2,4
English,3,4,4,5,5,1,5,7,7,7,7,7,2,1,1,1,2,1,1,1,1,4,1,1,4,1
English,6,5,3,4,7,4,7,5,6,7,7,1,1,2,1,1,1,1,1,1,1,7,7,6,1,1
English,5,7,5,7,6,5,6,7,6,6,6,4,2,2,2,2,2,2,3,2,4,5,5,6,4,2
English,6,1,5,5,5,6,7,7,4,7,6,5,2,2,3,1,1,1,1,2,5,6,6,5,5,1
English,6,5,5,6,6,6,6,7,6,6,6,6,2,2,2,1,3,3,1,4,3,4,6,4,4,4
English,6,6,5,5,4,4,6,3,5,4,5,2,2,3,2,2,2,2,2,2,2,2,4,2,2,4
English,5,5,5,6,5,5,6,6,5,5,6,3,5,5,3,3,2,2,3,2,5,6,5,5,2,3
English,6,6,7,7,1,1,6,1,3,2,5,3,1,1,7,1,1,1,1,1,4,4,1,1,3,1
English,5,6,6,7,6,5,7,4,5,5,4,6,1,2,2,2,2,3,2,3,1,5,5,2,5,3
English,5,1,2,2,5,4,1,6,5,5,5,2,1,2,2,3,1,1,1,1,6,6,6,5,6,1
English,4,3,1,5,5,4,5,5,6,5,5,5,5,5,4,5,2,3,1,1,4,4,4,4,4,3
English,4,4,4,3,4,4,7,5,5,4,6,5,3,5,3,5,1,1,1,1,1,7,7,4,4,4
English,6,6,6,5,2,2,6,1,2,2,2,2,6,6,6,2,2,2,2,2,6,6,6,4,2,2
English,3,4,3,7,3,1,4,1,3,4,3,5,1,1,1,1,1,1,1,1,4,7,4,4,5,3
English,6,6,6,6,5,7,7,1,7,5,6,5,2,3,2,2,2,2,2,6,3,6,7,2,6,6
English,7,1,1,1,5,5,7,1,4,5,6,2,1,1,1,1,1,1,1,1,4,7,6,4,5,4
English,6,5,4,7,4,3,6,4,4,4,4,4,2,2,1,1,1,1,1,4,6,4,5,4,1,5
English,7,5,4,7,6,5,6,1,1,1,3,3,4,2,6,4,2,4,1,2,5,7,7,5,5,5
English,5,6,5,6,5,6,6,1,2,2,1,2,5,6,6,3,1,4,2,1,4,6,6,7,6,4
English,6,6,4,6,4,5,5,1,1,1,1,2,2,2,3,3,3,4,5,1,3,7,6,4,6,5
English,6,5,5,6,5,6,6,1,1,1,1,2,1,1,1,1,2,5,3,1,1,1,1,1,1,1
English,5,4,1,6,4,5,5,1,5,2,2,3,2,2,2,2,1,2,1,1,3,7,5,2,5,5
English,6,6,6,6,6,6,6,6,6,7,6,5,5,5,5,5,5,5,4,2,7,7,6,7,7,7
English,5,5,5,6,6,5,3,5,5,4,6,3,1,2,5,2,2,2,2,5,1,2,1,1,1,1
English,7,6,6,7,5,7,7,1,5,4,5,4,5,3,3,5,5,5,4,3,4,6,6,7,6,3
English,6,6,3,6,3,7,7,5,7,2,5,7,4,1,2,1,2,4,3,2,2,7,6,5,6,5
English,6,7,7,7,6,4,7,2,2,3,7,3,2,1,2,3,4,4,4,3,7,6,5,7,6,6
English,6,6,5,7,3,7,6,2,3,7,6,3,3,2,3,2,5,5,6,5,4,7,6,6,5,3
English,6,5,3,6,4,5,7,2,5,5,3,2,2,1,2,2,1,2,2,2,2,5,3,2,5,2
English,6,7,5,6,6,5,7,1,4,4,1,4,2,3,1,3,2,5,5,3,5,5,6,7,5,2
English,6,6,6,6,5,5,6,4,4,4,4,4,4,4,3,4,4,4,4,4,4,5,6,4,4,4
English,5,5,5,6,2,2,4,1,2,4,2,2,3,3,3,2,2,5,2,2,2,4,2,2,2,2
English,7,6,6,7,6,7,7,1,2,2,5,4,2,3,2,2,6,6,3,6,5,6,6,6,6,4
English,6,5,4,6,5,5,6,1,1,1,1,1,2,3,3,1,4,5,5,1,1,1,3,1,1,1
English,7,3,5,7,5,6,6,1,1,1,1,1,2,2,4,2,1,1,1,1,5,7,7,6,7,1
English,6,3,2,6,3,2,5,1,1,1,1,1,2,1,1,2,1,1,1,2,3,6,4,4,6,3
English,6,2,5,5,4,5,5,2,2,3,2,2,3,3,1,3,1,2,1,1,4,7,5,6,6,5
English,7,7,6,7,7,7,7,1,2,2,2,2,1,1,3,2,5,5,3,5,5,6,6,7,6,5
English,5,2,2,6,1,2,6,2,2,2,2,4,2,3,3,1,2,1,2,1,5,5,2,3,5,2
English,5,3,5,4,3,5,6,3,4,2,4,2,2,2,2,3,2,3,5,1,7,7,2,7,6,3
English,6,3,6,6,4,5,6,1,2,1,2,2,2,1,1,2,1,2,2,2,6,7,5,5,6,5
English,6,7,2,7,6,7,6,1,1,2,1,4,2,3,3,4,2,1,1,2,1,3,1,1,7,1
English,6,5,5,6,2,7,7,5,7,1,6,1,2,1,1,1,1,1,1,1,1,7,1,1,4,1
English,5,5,5,5,5,5,5,2,3,5,3,2,3,5,5,6,2,3,2,2,2,5,6,3,5,2
English,6,6,5,6,5,2,6,4,4,5,5,3,2,2,1,2,2,5,3,1,6,7,7,7,7,5
English,7,5,6,5,3,6,6,2,2,2,5,2,1,2,1,1,2,4,3,3,5,6,3,5,3,4
English,6,6,7,7,7,5,7,1,1,3,1,5,2,1,1,2,6,6,5,3,1,1,1,1,1,1
English,6,6,6,7,5,5,6,5,4,5,5,3,1,1,1,2,1,3,2,1,1,6,6,1,6,1
English,7,5,6,7,6,7,7,1,1,4,5,5,1,2,2,1,1,1,2,1,5,7,7,5,5,3
English,6,6,4,6,5,5,6,2,2,1,1,2,4,5,3,4,1,1,1,1,1,1,1,1,1,1
English,7,6,4,6,3,4,6,1,1,1,1,1,1,1,1,1,1,1,1,1,4,7,5,6,4,5
English,4,3,4,6,4,3,4,5,6,5,6,4,1,1,1,2,2,1,1,1,6,6,4,5,6,2
English,3,4,6,6,5,6,6,4,7,5,5,4,2,2,3,5,2,5,1,5,2,6,6,6,6,4
English,6,6,6,6,6,6,6,4,3,4,6,2,3,3,5,5,2,3,3,2,3,5,3,6,3,2
English,4,2,5,7,4,6,5,1,4,4,1,1,3,4,3,5,4,5,3,4,4,1,4,4,4,4
English,7,7,6,7,7,5,7,1,1,2,5,2,1,1,1,1,2,2,1,1,7,7,7,5,5,7
English,1,7,2,6,6,6,5,3,7,2,5,6,2,1,1,3,1,2,1,1,6,6,6,2,4,4
English,6,7,3,6,5,5,7,2,1,2,3,2,2,1,3,3,2,4,3,3,5,6,5,6,6,6
English,6,5,5,5,4,2,7,1,3,1,2,1,1,1,1,1,6,3,2,2,5,6,3,4,3,2
English,7,6,6,7,5,5,7,4,5,5,5,4,3,3,3,3,2,2,2,2,5,6,5,4,4,3
English,6,7,7,7,6,7,7,1,4,4,3,3,3,2,2,1,1,2,2,1,6,5,5,2,6,5
English,6,7,7,7,6,6,7,5,6,6,2,5,3,3,3,3,1,5,2,2,1,2,5,5,2,2
English,3,4,3,3,6,2,2,4,6,4,5,4,3,5,5,1,5,3,5,5,5,3,3,5,6,3
English,6,5,4,6,1,2,6,2,1,2,5,2,2,3,2,2,2,2,1,1,2,7,5,5,5,2
English,6,6,5,6,6,5,5,3,2,3,1,2,2,2,2,1,1,2,1,6,6,7,7,6,5,3
English,7,7,7,7,7,7,6,7,7,7,7,7,1,1,2,1,7,7,7,7,7,7,7,7,6,7
English,7,6,6,6,5,4,6,1,4,2,2,1,3,4,4,2,1,2,1,1,1,1,1,4,4,1
English,5,6,6,6,6,6,5,2,2,1,2,5,2,2,2,2,3,2,2,1,5,7,3,6,5,2
English,6,7,6,3,7,5,7,2,1,1,1,1,2,2,2,1,1,2,1,1,1,4,1,1,1,1
English,3,5,6,6,6,6,6,5,2,4,5,2,2,2,2,3,2,2,2,3,7,6,7,6,5,7
English,7,5,5,6,5,5,6,1,4,3,3,2,5,5,5,6,5,5,5,5,6,6,2,5,6,2
English,5,4,1,6,1,1,5,1,1,1,1,1,1,2,2,1,1,1,1,1,5,1,3,4,1,1
English,5,2,5,6,2,7,7,2,4,4,5,1,2,3,2,1,1,1,1,1,1,4,1,1,1,1
English,6,6,3,6,6,6,6,5,5,4,7,2,2,3,3,2,3,2,2,5,6,6,5,6,2,2
English,5,7,5,6,5,4,6,4,2,5,5,5,1,1,1,1,1,5,1,5,4,7,2,1,7,6
English,7,6,6,7,4,6,6,4,5,4,5,4,3,3,3,4,7,5,5,3,1,4,4,1,4,2
English,5,5,4,5,5,5,5,7,7,5,6,7,3,2,1,1,1,1,1,1,3,5,5,4,5,1
English,6,6,5,6,6,5,6,6,6,6,6,5,1,2,2,2,2,5,2,2,2,6,6,5,5,5
English,7,7,6,7,5,6,7,3,3,5,3,7,2,1,5,2,2,4,4,2,3,6,5,4,6,1
English,7,5,6,7,5,5,7,2,1,6,4,2,1,1,1,1,1,1,2,1,1,1,1,1,1,1
English,5,5,6,6,5,5,6,2,5,3,2,2,1,2,2,1,1,2,2,1,2,1,1,2,2,1
English,4,4,5,6,5,5,5,7,7,6,7,6,4,3,3,3,4,3,4,2,5,5,6,6,6,3
English,5,5,5,7,4,4,6,5,5,6,7,4,2,3,2,5,5,5,5,5,2,5,5,6,5,2
English,6,5,5,6,5,5,6,3,6,5,5,5,3,4,3,4,2,2,2,2,2,4,3,1,2,1
English,3,6,2,6,6,5,6,5,5,5,3,3,1,1,1,2,2,2,2,4,2,7,7,3,6,2
English,7,6,5,6,6,5,6,2,2,5,5,2,5,3,5,6,3,3,3,3,2,6,6,6,6,2
English,5,6,6,6,3,4,6,2,1,3,2,3,1,1,1,2,2,1,1,1,7,7,6,6,4,1
English,6,4,3,5,5,4,5,2,4,4,4,4,5,5,5,3,2,2,2,3,4,4,2,3,7,2
English,7,6,6,7,7,5,7,6,7,7,7,6,1,1,2,2,1,1,1,2,2,6,1,2,4,1
English,6,5,6,7,5,7,7,7,7,7,7,7,3,3,3,2,5,4,5,5,3,6,5,4,6,5
English,7,6,7,5,7,7,7,7,6,6,7,5,1,1,1,1,1,1,1,1,3,7,1,1,4,1
English,5,5,5,5,7,5,6,7,7,7,6,6,2,4,2,2,2,2,6,2,2,3,4,2,7,2
English,1,6,7,1,7,7,7,7,7,7,7,7,1,1,1,1,3,1,6,1,7,7,7,1,7,1
English,5,2,4,5,6,5,7,7,7,7,7,7,1,1,1,1,1,1,1,1,1,4,5,1,1,1
English,7,7,6,7,5,6,6,4,6,7,7,5,1,2,1,1,3,2,4,4,5,7,7,4,4,4
English,5,5,5,5,5,5,6,7,7,7,7,7,2,1,1,1,1,2,2,1,6,7,7,5,5,6
English,2,2,7,4,5,4,6,6,6,6,6,5,2,2,1,1,1,1,1,2,6,5,6,4,6,4
English,6,6,6,6,6,6,6,7,6,7,6,6,3,4,2,1,1,4,1,1,1,1,4,5,4,1
English,7,7,7,7,6,7,7,6,5,5,6,3,3,3,2,4,1,1,1,1,1,4,1,1,1,1
English,2,4,1,5,2,7,7,6,6,6,7,3,1,1,1,1,1,1,1,3,1,2,1,1,6,1
English,7,6,6,7,7,7,7,2,5,6,5,5,2,2,1,2,5,5,5,5,7,7,7,7,7,6
English,1,6,4,6,3,1,5,4,4,6,6,2,2,3,1,1,1,1,1,1,1,1,1,2,1,1
English,7,2,1,7,7,4,7,1,7,2,5,4,1,1,1,1,1,1,2,1,7,7,7,7,7,1
English,5,3,5,3,6,6,6,5,5,3,2,2,3,5,1,1,1,1,5,1,2,1,7,1,1,1
English,7,7,7,7,6,6,6,5,1,2,2,4,5,6,6,6,7,6,6,7,7,7,7,7,6,7
English,7,7,7,7,7,7,7,5,6,6,5,2,2,3,4,5,6,6,5,6,7,6,6,6,3,6
English,7,6,7,7,7,7,7,1,1,1,6,1,1,1,1,1,7,1,7,1,1,7,1,1,5,1
English,6,5,5,6,3,5,6,1,1,1,4,1,7,6,4,7,1,2,2,6,7,5,6,4,7,7
English,7,7,6,7,6,5,7,5,2,4,3,1,3,4,4,5,5,2,6,1,1,1,1,1,1,2
English,7,7,7,7,7,7,7,1,1,1,1,1,1,1,1,1,1,1,1,1,7,3,7,6,1,2
English,7,6,5,7,5,6,6,1,1,2,4,1,1,1,1,1,1,4,2,1,2,7,4,7,1,1
English,6,3,6,7,7,7,7,5,5,1,5,1,2,1,1,1,1,1,1,3,7,7,7,6,7,6
English,7,6,6,6,7,6,6,2,2,2,4,2,2,2,3,1,2,2,3,4,6,7,7,6,6,5
English,7,6,5,7,6,6,6,6,1,2,4,5,5,3,7,5,2,2,2,7,5,5,6,4,5,1
English,7,6,6,6,6,7,7,2,1,3,3,1,5,4,3,3,1,5,2,1,7,5,5,6,6,7
English,5,6,6,5,7,6,6,3,4,4,2,3,3,3,3,3,2,5,4,4,7,7,6,5,6,6
English,7,7,6,7,6,1,6,3,1,5,1,3,1,1,1,7,7,7,7,7,2,1,4,3,1,1
English,7,6,7,7,7,7,7,3,7,4,4,4,2,2,2,3,5,5,4,2,7,7,5,7,5,6
English,7,7,7,7,7,6,6,1,1,6,4,1,4,2,4,3,2,5,5,4,5,7,5,7,7,6
English,7,5,5,7,5,6,7,4,6,5,4,4,2,3,2,1,1,3,1,1,1,4,4,4,4,1
English,7,6,6,7,7,4,7,2,4,7,3,6,1,1,1,1,2,4,4,1,4,2,2,4,6,2
English,6,7,6,7,7,7,7,7,7,5,5,5,5,1,6,6,5,5,6,4,1,1,2,1,2,1
English,6,6,5,6,5,5,7,1,4,4,2,1,1,1,1,1,1,3,1,1,5,6,7,6,7,5
English,6,5,6,7,6,7,7,1,2,4,6,4,2,1,1,1,1,3,4,1,7,7,7,6,7,4
English,1,1,1,7,5,1,1,1,6,1,7,1,1,7,1,1,1,1,1,6,1,1,1,1,1,1
English,7,7,7,7,7,7,7,1,1,7,1,1,1,1,1,1,1,1,1,1,7,7,7,7,7,7
English,7,6,7,7,6,7,7,6,6,6,6,1,1,1,1,1,4,6,6,1,5,7,6,6,5,4
English,6,7,5,6,6,4,6,4,4,5,5,5,1,2,2,2,2,3,3,6,3,7,5,6,5,3
English,3,5,5,3,3,5,5,5,5,5,5,3,1,2,2,1,1,1,2,1,5,7,7,5,7,6
English,2,5,4,3,3,5,7,4,5,6,6,5,1,2,4,3,6,5,7,7,1,4,3,2,3,1
English,6,7,5,6,3,5,6,1,4,4,4,4,1,3,1,1,1,1,2,1,6,6,5,6,6,3
English,7,7,7,6,7,6,7,3,4,5,7,4,2,3,2,3,5,5,5,4,4,7,6,6,7,4
English,6,4,7,6,5,7,5,6,5,5,5,5,4,3,5,6,6,5,4,6,6,6,5,7,6,5
English,7,1,7,7,7,7,7,1,1,1,1,1,1,1,1,1,4,1,5,1,5,5,4,5,1,1
English,6,6,7,6,6,5,7,2,7,4,2,2,4,5,3,2,2,2,2,2,5,5,3,6,5,4
English,5,3,7,7,6,6,6,5,5,6,6,6,4,2,2,3,5,5,6,2,4,6,4,2,6,4
English,6,7,5,7,5,6,6,2,6,6,5,4,2,2,1,2,3,5,4,3,6,7,7,7,7,5
English,7,6,7,7,7,7,7,2,5,2,4,3,6,6,6,5,4,5,5,1,1,1,1,1,1,1
English,7,6,7,7,5,7,7,1,1,1,1,1,1,1,1,5,1,4,1,1,7,7,7,5,7,1
English,3,6,6,7,6,5,7,2,3,2,1,2,3,3,3,2,1,1,1,1,1,1,1,1,1,2
English,7,6,7,7,7,7,7,7,7,7,7,1,1,1,1,1,1,1,4,1,4,7,4,7,7,4
English,7,7,7,7,7,7,7,6,7,7,7,4,1,1,1,1,1,1,4,1,1,1,1,1,1,1
English,7,7,7,7,7,5,7,6,6,7,6,3,1,2,1,2,1,1,1,1,1,1,1,1,1,1
English,6,5,4,7,7,5,7,7,7,7,7,2,1,1,1,1,2,2,1,1,1,7,4,4,4,1
English,7,7,7,7,6,7,7,6,7,6,7,5,1,1,1,1,1,2,1,2,1,6,1,1,5,1
English,7,7,6,6,5,6,1,4,5,5,5,4,3,3,2,1,2,1,3,2,1,4,2,2,2,1
English,6,7,6,7,6,7,7,4,1,4,2,4,1,1,1,1,2,4,1,2,7,7,7,6,7,4
English,7,7,7,1,7,7,7,7,7,7,7,6,1,1,2,7,7,7,7,7,7,7,7,7,7,7
Germany,4,4,5,5,3,4,5,1,1,5,4,3,2,1,2,1,2,4,2,4,2,5,5,4,5,4
Germany,4,6,3,6,3,3,5,6,6,5,3,2,2,3,5,2,2,2,2,1,1,2,1,1,3,1
Germany,5,5,5,4,4,5,5,5,5,5,5,3,4,4,3,5,2,2,1,2,1,1,1,1,1,1
Germany,6,2,5,2,2,5,5,4,1,4,4,1,2,4,1,2,1,2,1,1,2,6,2,4,5,1
Germany,1,1,1,7,2,1,1,1,1,5,3,1,2,1,1,1,1,1,1,1,4,5,3,6,4,1
Germany,1,2,1,1,1,1,4,3,4,5,7,3,3,1,1,2,1,1,2,1,2,1,1,1,1,1
Germany,5,5,1,6,6,6,4,3,4,1,6,2,3,2,1,1,1,1,1,1,1,1,1,1,1,1
Germany,5,7,6,4,6,5,6,1,4,6,4,1,4,5,7,7,4,4,5,3,1,1,1,1,1,1
Germany,4,3,4,5,5,5,4,1,3,4,4,4,2,2,2,2,4,6,4,2,6,1,5,1,2,5
Germany,5,5,5,6,4,5,5,1,1,2,1,1,2,3,1,5,1,1,1,1,1,1,1,1,1,1
Germany,5,4,1,3,1,1,1,5,1,4,1,1,4,4,1,1,1,6,1,1,1,1,1,1,1,1
Germany,1,4,1,2,3,1,4,1,2,3,3,5,1,1,1,2,2,3,3,1,2,6,7,3,7,4
Germany,5,5,6,3,4,4,6,5,6,5,5,5,2,2,1,1,1,1,1,1,4,4,4,4,4,4
Germany,2,5,3,3,2,1,2,1,1,1,1,1,2,2,2,7,1,1,1,1,1,1,1,1,1,1
Germany,3,3,3,3,2,1,3,3,4,5,5,3,3,3,1,5,1,2,1,1,5,7,2,6,5,5
Germany,4,4,5,6,1,5,3,1,1,5,3,1,2,4,3,6,1,1,1,1,7,7,1,1,6,5
Germany,3,5,3,6,3,4,1,4,4,5,6,1,2,2,2,2,1,4,1,1,1,7,7,4,5,1
Germany,3,5,5,3,1,2,5,5,5,5,4,3,2,1,6,7,1,1,1,1,4,4,1,2,2,1
Germany,5,6,4,3,4,5,6,4,4,4,3,4,3,2,1,1,4,3,2,1,4,4,4,4,4,4
Germany,2,5,6,3,4,2,5,5,5,6,4,4,2,2,2,2,1,1,1,1,2,1,5,3,2,2
Germany,6,7,7,7,6,7,6,6,7,5,7,7,3,3,3,5,4,4,6,5,2,6,7,5,5,4
Germany,5,2,1,6,5,2,1,2,1,1,3,1,2,3,2,6,1,1,1,1,3,2,7,6,5,1
Germany,2,5,3,5,1,1,5,2,1,6,5,3,1,1,1,1,1,1,1,1,1,1,1,1,1,1
Germany,5,4,4,6,3,5,4,2,4,4,1,5,2,3,4,3,5,1,6,1,6,5,6,6,5,3
Germany,5,1,1,3,1,1,5,1,1,1,2,1,5,7,3,5,1,1,1,1,1,3,1,5,5,1
Germany,4,5,4,6,5,1,5,1,2,4,3,1,5,2,3,1,3,1,5,2,5,6,2,2,3,5
Germany,4,6,6,3,4,4,6,4,5,6,4,5,3,3,2,5,2,2,1,1,1,2,1,1,4,1
Germany,5,6,5,6,4,6,7,7,7,7,7,6,3,3,3,1,1,1,4,2,4,1,1,1,1,6
Germany,5,1,5,7,5,6,5,5,3,5,5,5,2,1,1,2,1,1,3,3,7,5,3,1,1,3
Germany,6,2,5,6,2,2,3,2,3,3,2,3,5,2,2,2,2,3,2,2,6,5,7,5,5,6
Germany,5,4,2,5,2,5,5,3,4,5,5,2,3,3,3,2,3,4,2,6,5,7,7,7,7,7
Germany,2,3,3,2,1,1,3,3,2,3,1,1,3,3,2,6,1,1,1,1,6,7,7,3,7,5
Germany,2,3,2,3,2,4,3,5,1,4,3,1,3,1,1,4,1,1,1,1,4,3,2,2,2,1
Germany,4,6,5,5,5,5,5,1,1,1,2,3,3,3,3,1,5,5,5,1,3,5,6,5,6,3
Germany,2,5,4,3,2,1,5,1,2,2,1,4,6,7,6,1,1,1,1,3,1,1,1,1,1,1
Germany,4,2,1,4,3,1,4,1,3,4,5,2,6,6,3,4,1,1,1,1,1,1,1,1,1,1
Germany,5,3,2,5,2,5,3,5,5,5,4,3,3,2,2,5,2,2,2,2,1,1,1,1,1,1
Germany,5,3,3,5,2,5,3,1,3,2,1,1,4,2,1,2,1,1,1,1,7,7,1,2,7,3
Germany,7,5,4,5,6,7,7,6,6,6,7,2,3,1,2,1,1,1,1,1,5,7,6,4,7,4
Germany,5,6,6,6,1,6,7,1,4,5,7,2,6,6,5,7,1,1,1,2,7,7,1,4,1,1
Germany,6,6,5,6,6,6,7,7,7,7,7,5,1,1,1,2,1,3,1,1,1,1,1,6,1,5
Germany,3,3,3,3,4,5,3,4,3,2,3,2,3,4,3,5,4,4,4,2,2,6,6,5,6,2
Germany,5,3,3,5,4,5,6,4,4,5,5,5,3,3,2,2,1,2,3,6,1,7,7,6,5,3
Germany,7,7,7,7,7,7,7,4,1,3,5,1,2,1,2,1,1,1,1,1,7,4,3,1,7,1
Germany,2,5,1,3,1,2,3,1,1,1,1,1,5,7,1,1,1,1,1,1,1,7,7,3,7,4
Germany,4,3,1,3,1,5,5,6,1,4,4,4,3,2,3,1,1,1,1,1,6,4,1,6,6,4
Germany,5,5,3,6,4,6,5,4,5,6,5,3,2,2,1,1,3,2,2,1,3,5,6,5,6,4
Germany,5,4,5,3,2,1,5,4,1,5,2,1,2,4,2,2,1,1,1,1,4,6,4,1,6,5
Germany,3,2,2,2,3,3,4,2,2,4,2,3,2,3,2,4,3,3,3,3,2,6,6,5,6,2
Germany,7,6,6,7,6,4,5,5,4,7,7,3,2,1,2,4,3,4,1,3,5,6,6,6,6,5
Germany,7,2,6,6,2,6,5,1,4,2,1,5,4,2,2,1,5,5,6,6,1,3,1,6,7,2
Germany,3,3,2,6,3,5,5,2,2,4,5,5,3,3,5,7,3,5,1,2,1,2,1,1,1,1
Germany,1,3,4,3,5,1,5,3,2,3,2,2,2,1,1,7,1,1,1,1,1,1,2,1,1,2
Germany,3,3,5,3,3,3,6,4,3,5,4,2,4,4,2,6,2,2,1,3,1,2,1,1,1,1
Germany,5,6,2,4,3,1,6,5,5,6,7,5,3,4,2,5,3,2,1,1,4,6,1,6,1,2
Germany,4,5,5,7,3,5,6,5,5,7,5,2,4,3,3,2,1,1,1,1,5,4,7,4,4,5
Germany,6,5,2,6,3,3,6,2,1,5,3,6,2,2,3,7,1,5,1,1,5,3,6,6,6,1
Germany,7,7,7,7,7,6,6,2,2,3,5,7,3,5,3,4,2,3,3,2,1,6,7,5,4,1
Germany,3,3,3,4,2,1,4,5,5,5,5,1,1,1,1,1,1,1,1,1,1,5,1,1,1,1
Germany,5,5,3,5,5,6,5,5,4,5,5,5,2,2,1,2,2,2,1,1,1,1,1,1,1,2
Germany,5,5,5,6,5,6,3,1,1,2,3,2,2,2,2,2,2,1,3,1,3,7,7,6,7,5
Germany,4,5,2,7,1,6,5,2,1,1,4,1,2,3,1,5,1,5,1,1,1,6,7,7,5,3
Germany,5,6,1,7,5,4,6,5,1,4,5,7,1,7,1,1,5,3,7,7,1,7,1,1,7,1
Germany,7,7,7,7,7,7,7,1,5,5,2,6,1,1,5,2,2,5,6,2,1,7,7,6,6,7
Germany,3,3,3,3,3,3,4,2,4,4,3,1,3,2,2,3,2,2,2,3,4,6,7,5,5,2
Germany,6,5,4,3,3,1,4,1,2,2,1,1,1,2,4,7,1,1,1,2,1,1,1,1,1,1
Germany,1,1,1,4,2,1,1,1,1,1,1,2,5,4,3,3,5,2,5,6,1,1,4,1,1,1
Germany,2,2,2,3,2,2,5,2,2,3,2,2,4,4,2,4,2,2,2,2,2,2,2,2,2,2
Germany,2,2,4,4,3,1,4,5,4,4,4,4,2,1,1,2,5,5,5,5,6,1,1,1,4,4
Germany,7,7,6,7,6,6,6,1,1,4,4,1,2,7,1,1,1,1,1,1,5,7,4,7,6,6
Germany,5,5,5,5,5,7,5,5,5,6,6,6,2,3,2,4,5,3,5,5,6,7,4,5,6,6
Germany,3,2,3,3,1,3,5,5,5,7,6,3,2,1,1,2,1,1,1,3,1,3,3,5,2,2
Germany,7,1,1,7,1,1,3,1,2,7,4,1,1,2,3,4,2,1,2,1,2,7,5,5,1,1
Germany,6,5,6,6,5,2,6,2,1,3,1,2,1,2,3,6,2,5,3,3,1,4,1,1,4,1
Germany,3,3,1,2,2,2,2,1,1,3,1,1,3,3,1,3,1,1,1,1,1,5,1,7,3,2
Germany,5,6,1,5,2,3,3,1,2,4,3,2,2,3,1,6,2,5,3,2,3,5,6,3,4,2
Germany,2,2,2,2,2,1,3,5,2,4,1,1,1,3,1,4,1,2,1,1,2,6,6,5,1,2
Germany,1,4,2,4,2,1,2,1,1,1,1,1,4,7,3,1,1,1,1,1,3,3,2,5,6,2
Germany,5,3,2,2,1,4,5,4,1,6,5,3,3,1,1,1,1,1,4,1,7,5,7,5,1,4
Germany,6,1,4,5,3,1,3,1,1,2,1,2,4,3,2,5,1,1,2,1,4,2,1,2,5,1
Germany,5,5,5,5,6,6,4,2,4,6,5,5,4,3,5,6,5,5,5,3,6,7,7,5,6,5
Germany,1,1,1,1,1,1,1,1,1,1,1,1,2,1,1,1,1,1,1,1,1,1,1,1,1,1
Germany,6,2,4,5,3,3,5,1,2,5,1,1,4,2,4,2,1,2,1,1,1,6,7,3,6,2
Germany,5,6,4,5,6,5,5,7,6,7,7,5,5,5,5,4,5,5,5,2,5,5,7,5,5,4
Germany,5,5,4,4,4,4,5,4,2,5,5,4,3,3,2,5,4,4,4,4,5,4,5,4,5,4
Germany,7,5,1,7,1,7,6,1,3,4,4,7,1,6,1,2,4,5,4,5,7,7,6,5,7,6
Germany,3,4,3,5,2,4,2,3,3,3,6,3,2,2,2,1,2,6,2,2,1,5,5,1,1,2
Germany,4,3,4,4,4,4,4,4,5,5,4,1,2,2,3,5,5,5,5,1,5,5,7,5,5,3
Germany,2,2,2,3,4,5,3,3,2,6,2,3,4,5,6,5,5,6,5,2,1,6,6,6,5,1
Germany,6,7,7,6,7,6,6,1,1,2,1,1,2,3,2,2,1,4,1,1,2,7,6,1,1,1
Germany,5,3,5,3,1,5,7,4,2,2,4,2,3,3,2,5,5,4,1,1,7,1,7,1,5,1
Germany,2,5,5,3,3,3,5,2,2,4,3,1,5,5,3,5,1,5,1,1,1,5,3,2,3,2
Germany,6,2,4,3,2,6,3,2,3,3,5,3,2,1,3,3,2,2,1,1,2,6,6,5,7,6
Germany,4,4,4,4,4,4,5,4,1,5,4,4,4,4,2,4,6,4,5,4,4,4,4,6,5,4
Germany,4,3,2,5,2,5,5,4,4,5,5,5,3,2,3,5,1,1,1,2,5,4,4,5,5,4
Germany,6,6,5,7,6,1,6,3,2,6,6,6,2,2,3,6,3,5,4,6,3,6,6,7,4,4
Germany,5,1,4,3,2,7,5,5,5,6,5,3,2,2,3,4,2,6,3,2,3,6,7,2,3,5
Germany,2,3,1,2,1,1,2,1,1,1,1,1,5,5,2,5,1,1,1,1,1,6,1,3,1,2
Germany,3,5,5,3,5,6,5,5,5,6,5,5,2,1,1,1,2,3,5,3,5,2,6,3,2,7
Germany,7,7,7,7,7,7,7,4,1,4,4,1,1,1,1,1,1,1,1,1,1,4,7,5,1,1
Germany,3,4,3,6,4,4,5,5,5,5,5,4,4,2,5,3,2,5,3,3,5,4,2,4,2,2
Germany,1,2,2,2,2,7,1,6,2,5,6,1,2,3,2,4,1,1,1,1,1,5,5,1,5,1
Germany,5,5,4,5,3,4,5,3,1,1,1,4,3,3,3,6,1,1,1,1,1,6,5,5,5,1
Germany,7,7,7,7,7,7,7,1,1,7,1,7,1,1,3,1,3,7,5,7,7,7,7,7,7,7
Germany,5,6,4,7,5,5,5,3,4,1,2,6,1,1,1,3,4,4,4,5,5,7,7,5,6,3
Germany,4,5,5,7,4,1,7,1,1,4,1,1,1,6,2,1,2,6,1,1,1,1,1,1,5,1
Germany,5,5,1,4,4,4,6,5,5,7,5,4,3,3,3,4,4,4,4,4,7,4,5,7,6,6
Germany,5,5,3,7,5,2,6,1,1,1,1,1,1,1,2,1,5,5,5,6,1,7,5,1,7,1
Germany,3,1,2,7,3,1,2,1,3,1,1,1,2,3,2,2,1,1,1,1,1,4,1,4,1,5
Germany,5,5,3,5,3,4,5,5,5,5,5,3,5,2,5,3,1,2,2,1,5,4,7,5,2,5
Germany,6,5,6,5,3,3,6,6,6,6,6,5,2,2,2,4,2,2,1,1,1,4,6,5,4,5
Germany,5,5,4,3,4,7,5,1,3,5,4,4,2,3,1,5,1,1,1,1,4,4,1,5,5,3
Germany,6,5,5,6,1,3,5,3,2,3,4,1,2,3,3,2,1,2,2,2,2,7,6,3,5,3
Germany,1,2,2,5,3,5,4,2,2,2,6,2,1,1,1,6,1,5,1,1,1,1,1,1,4,1
Germany,7,4,5,5,5,5,5,6,6,6,5,4,4,3,4,5,2,5,4,1,1,1,6,1,1,1
Germany,7,7,6,7,7,7,7,1,1,1,2,1,5,1,2,3,1,2,1,1,1,1,1,1,1,1
Germany,2,3,2,3,3,2,4,4,1,3,3,2,4,3,1,3,1,1,1,2,4,3,5,3,3,2
Germany,5,3,5,5,4,5,6,2,1,5,3,6,1,1,1,3,2,3,2,2,1,7,6,3,2,1
Germany,1,1,1,1,1,4,7,1,1,1,1,1,1,2,1,1,1,1,1,1,1,4,2,2,2,1
Germany,7,4,2,6,1,1,6,4,1,7,1,1,1,1,2,2,3,2,3,4,1,5,1,7,2,1
Germany,5,5,4,6,3,4,6,1,5,2,5,4,1,2,1,5,1,2,2,1,2,6,7,6,5,1
Germany,2,1,2,3,2,1,4,1,2,2,6,2,2,2,2,3,3,4,1,5,1,5,1,5,7,1
Germany,4,5,3,3,4,5,6,7,7,7,7,6,2,1,1,5,1,4,1,1,6,4,7,7,4,5
Germany,1,1,1,2,4,4,1,1,1,4,1,1,3,3,3,4,1,4,1,1,3,7,1,4,1,1
Germany,6,5,6,6,5,6,6,2,5,5,1,6,1,3,1,3,2,2,2,1,5,7,7,6,7,4
Germany,6,6,3,7,5,3,6,1,2,5,4,3,3,4,4,5,1,5,2,2,1,5,7,2,2,7
Germany,6,5,6,6,6,6,6,3,3,5,3,4,3,2,2,2,2,3,2,1,6,3,6,2,5,6
Germany,5,5,2,7,2,6,3,1,1,5,2,1,1,1,1,3,2,5,2,4,4,7,6,7,6,3
Germany,5,5,6,5,7,5,5,1,2,6,1,5,1,3,3,7,3,1,2,5,2,7,7,6,6,1
Germany,2,3,1,1,1,1,2,2,1,2,2,1,2,3,2,6,1,1,1,1,1,1,1,1,1,1
Germany,4,3,2,3,1,4,4,4,5,5,5,1,2,2,1,2,1,2,1,1,1,4,4,5,5,1
Germany,5,6,2,4,2,5,5,6,5,6,6,4,3,5,3,3,2,6,1,2,7,4,6,6,4,7
Germany,7,7,6,7,6,6,5,5,4,5,2,2,2,2,3,5,2,2,3,2,5,6,7,4,6,5
Germany,7,6,5,7,4,5,4,1,1,4,5,1,3,3,7,1,1,1,3,1,7,7,4,4,6,6
Germany,5,4,3,4,4,3,5,4,4,4,5,5,4,5,4,5,3,4,2,2,1,2,1,1,1,2
Germany,4,4,4,4,4,5,4,6,5,7,6,4,3,3,4,4,2,3,3,2,2,4,3,4,2,4
Germany,5,7,5,6,6,5,6,2,2,5,4,1,1,1,2,1,1,3,1,1,4,4,7,2,6,4
Germany,6,5,6,6,5,5,6,6,6,7,7,6,3,1,4,3,3,5,4,4,5,6,5,6,4,5
Germany,3,5,5,3,5,6,3,5,3,5,3,3,2,2,2,5,1,4,1,1,1,3,2,2,4,1
Germany,7,6,7,7,5,6,7,2,3,3,1,1,2,1,4,7,2,2,5,2,1,7,1,1,4,1
Germany,2,1,1,6,1,1,2,2,2,2,1,1,5,5,5,5,1,1,2,1,1,1,1,1,1,1
Germany,4,6,6,7,6,6,6,3,2,3,1,6,2,1,1,1,1,1,1,1,1,6,1,1,1,1
Germany,5,5,3,5,3,2,3,1,3,5,1,1,6,5,5,3,2,2,1,3,2,7,3,6,6,1
Germany,7,7,7,7,7,4,7,1,2,1,1,2,1,1,1,1,1,1,2,1,7,7,7,5,6,3
Germany,6,7,2,7,6,4,4,5,2,5,6,4,2,2,6,2,1,4,1,2,5,7,6,6,7,4
Germany,1,1,1,1,1,1,1,1,1,1,3,1,1,1,1,4,3,1,1,1,1,7,6,1,6,1
Germany,2,3,2,2,1,2,5,7,7,7,7,2,1,1,2,1,1,1,1,1,1,1,1,1,1,1
Germany,5,5,3,4,2,6,5,5,4,6,5,5,3,2,2,5,2,3,3,1,6,4,7,5,7,5
Germany,4,7,7,7,5,5,7,1,1,2,1,1,6,6,6,6,1,1,1,2,1,7,1,3,7,1
Germany,7,7,7,7,6,5,7,1,1,2,2,3,5,3,3,5,2,5,3,1,2,2,1,1,1,1
Germany,5,6,6,7,6,6,6,4,6,5,2,1,2,2,2,4,1,1,1,5,2,6,7,5,7,4
Germany,4,5,5,5,5,4,4,1,6,2,3,3,6,4,5,3,3,4,1,1,6,6,5,3,6,4
Germany,4,2,3,4,2,2,4,2,2,5,2,2,4,5,2,4,2,2,2,1,5,4,3,2,6,4
Germany,1,2,1,2,2,1,4,1,1,4,5,1,2,1,1,6,3,1,1,2,1,1,1,1,1,1
Germany,6,6,6,7,6,3,6,3,1,3,4,1,3,3,3,3,1,1,2,1,1,5,7,7,6,2
Germany,6,5,6,2,5,6,6,2,3,2,5,2,2,2,1,3,2,6,4,3,5,3,5,6,5,6
Germany,5,3,3,4,2,5,5,6,5,6,5,4,4,3,2,3,2,2,2,3,5,5,6,4,3,5
Germany,6,2,4,5,5,4,3,1,1,2,4,1,3,3,1,1,1,5,1,1,2,7,7,7,5,5
Germany,1,2,1,1,1,1,1,1,1,1,1,6,2,2,1,2,1,5,1,1,1,5,7,1,1,1
Germany,3,3,1,3,3,1,5,3,5,5,5,1,1,1,1,1,1,1,1,1,7,2,6,6,6,5
Germany,7,5,5,6,4,6,7,4,5,7,5,7,1,2,2,3,6,1,6,5,1,1,1,3,4,2
Germany,3,3,1,5,2,5,3,3,3,3,6,6,3,3,3,6,1,2,1,1,5,5,6,3,6,3
Germany,5,6,5,6,5,5,6,5,6,6,6,6,2,1,2,2,1,2,1,1,2,5,4,4,5,5
Germany,5,5,3,4,1,4,5,7,6,5,5,4,4,3,1,5,1,1,1,1,4,1,1,2,2,4
Germany,4,3,3,2,1,6,5,1,3,5,2,5,1,1,1,1,1,2,2,1,2,7,7,4,5,1
Germany,6,5,5,6,6,2,3,6,6,6,5,4,3,3,1,2,1,6,1,1,2,2,7,1,4,5
Germany,1,1,1,3,1,1,1,1,1,1,1,1,3,4,3,2,1,1,1,1,1,7,7,5,6,1
Germany,1,2,1,2,1,1,2,2,1,1,2,1,1,1,1,1,1,1,1,1,5,6,1,1,3,1
Germany,7,4,4,4,4,6,4,3,3,4,6,1,6,4,5,4,4,6,4,2,1,1,4,1,4,4
Germany,7,6,5,7,6,7,7,4,4,4,4,2,2,1,2,3,6,2,5,7,6,7,7,6,5,6
Germany,5,5,5,6,6,3,7,3,2,2,4,1,1,1,1,5,1,1,3,1,1,6,5,6,4,2
Germany,6,6,5,4,4,4,6,2,4,5,6,2,4,4,3,4,1,2,2,2,7,7,7,6,6,6
Germany,7,6,6,3,3,7,5,2,2,2,2,4,1,2,1,5,1,4,2,2,2,7,2,6,7,6
Germany,4,4,5,3,4,5,4,1,2,5,2,2,3,3,3,5,2,2,2,2,1,4,2,4,4,1
Germany,5,4,3,3,1,3,5,1,1,3,1,1,2,1,1,1,1,1,1,1,1,6,3,5,5,4
Germany,5,2,1,5,3,2,5,1,2,2,1,1,4,5,5,5,1,1,1,1,2,1,1,1,1,1
Germany,5,6,4,5,4,1,5,1,1,1,4,1,2,2,2,1,1,1,1,1,7,7,1,4,4,2
Germany,5,5,1,3,1,1,4,2,1,3,2,2,3,2,2,6,1,2,1,1,1,6,6,1,6,2
Germany,7,6,6,7,7,6,7,7,7,7,7,7,2,2,3,5,5,3,5,5,6,6,2,5,6,4
Germany,2,2,4,4,1,3,3,2,2,3,2,1,1,1,1,3,1,3,2,2,5,2,2,6,6,2
Germany,7,6,5,7,6,2,5,6,6,7,7,2,2,2,1,2,7,5,6,5,1,2,7,7,1,1
Germany,6,5,5,4,5,5,3,4,2,6,5,5,3,3,2,2,2,3,3,6,5,7,7,5,6,5
Germany,5,6,5,2,5,6,6,5,5,5,5,5,2,3,1,5,1,1,2,1,5,6,5,5,5,6
Germany,5,6,3,6,4,6,6,6,6,6,6,7,6,5,7,5,1,1,1,1,5,1,1,1,1,5
Germany,5,5,1,3,2,4,5,5,1,5,1,2,2,2,2,7,2,5,2,1,1,2,5,3,4,1
Germany,5,5,5,4,4,4,4,2,5,5,4,4,4,5,4,5,1,1,1,2,4,6,5,4,4,5
Germany,6,5,5,7,6,2,7,2,1,6,5,2,2,1,1,2,2,4,2,5,3,6,7,7,5,3
Germany,3,3,2,1,3,4,2,1,1,5,2,2,2,1,1,2,5,5,5,4,1,7,4,5,5,1
Germany,6,7,5,6,6,2,5,2,5,6,4,2,2,2,1,2,1,1,1,2,7,4,5,5,4,2
Germany,2,1,4,1,1,1,1,1,1,1,1,4,2,2,1,6,1,3,1,1,1,1,1,1,3,1
Germany,1,5,1,1,2,1,1,1,2,1,1,1,4,2,2,1,1,1,2,1,4,1,7,1,5,3
Germany,1,1,1,1,1,1,1,7,7,7,7,7,1,1,1,2,1,1,1,1,7,7,7,7,7,4
Germany,6,5,2,4,1,4,3,1,1,4,1,1,4,3,1,4,1,4,2,1,4,2,2,2,2,2
Germany,1,1,1,2,1,1,2,4,3,4,2,1,2,1,1,3,1,1,1,1,3,1,1,1,1,1
Germany,5,5,5,3,1,4,5,4,5,5,5,2,3,3,2,1,1,1,1,1,1,4,1,2,1,5
Germany,2,2,2,2,2,4,2,2,3,5,1,4,2,2,2,4,1,1,1,1,2,2,5,1,1,1
Germany,5,3,4,5,5,6,5,6,5,5,5,5,5,5,5,3,2,4,2,2,6,4,6,6,5,2
Germany,3,5,1,4,1,4,5,7,6,7,7,6,3,5,2,6,1,1,1,1,5,7,5,7,5,4
Germany,6,5,5,6,6,5,5,4,4,4,5,5,3,3,3,3,4,4,4,4,7,5,6,5,5,5
Germany,2,3,3,5,4,3,3,4,4,3,4,3,5,4,5,2,3,4,4,1,3,3,1,5,4,1
Germany,6,4,5,2,6,5,1,1,1,5,3,2,4,4,4,3,3,4,1,3,1,4,3,2,4,3
Germany,7,7,4,7,6,6,7,4,4,6,6,4,4,1,3,2,6,6,6,5,6,7,7,6,6,5
Germany,5,7,1,4,4,5,6,1,4,6,1,5,1,4,6,4,1,1,1,1,6,7,1,5,1,4
Germany,2,4,2,4,3,3,3,2,5,3,4,4,2,2,2,3,2,5,3,2,4,6,5,5,3,2
Germany,5,5,5,5,5,5,5,1,2,2,2,1,5,5,5,6,1,5,1,1,1,3,3,1,2,1
Germany,5,3,4,4,2,3,5,4,5,5,3,3,5,5,3,3,3,2,3,3,3,3,2,4,5,4
Germany,4,4,1,2,1,2,1,1,1,4,1,2,2,1,1,1,1,2,1,1,4,1,1,1,1,1
Germany,2,2,1,3,2,1,2,1,1,2,2,1,1,1,1,1,1,1,1,1,1,2,1,1,1,1
Germany,5,6,3,3,5,5,5,5,5,5,3,3,3,3,3,5,3,4,4,3,5,4,4,4,4,2
Germany,5,6,5,6,6,5,6,6,6,6,6,1,2,1,2,5,1,1,1,4,1,4,1,1,1,4
Germany,7,7,7,7,7,7,7,4,4,4,5,5,2,1,1,1,6,6,6,6,6,5,7,7,7,6
Germany,4,5,4,5,5,1,5,5,4,6,7,1,1,1,1,1,1,1,1,1,7,7,1,1,7,7
Germany,2,2,2,5,2,3,2,2,1,3,3,1,5,2,4,1,3,4,1,1,3,4,3,3,3,4
Germany,5,1,5,5,5,2,4,4,2,5,5,1,4,3,1,2,2,6,4,2,1,7,7,6,6,3
Germany,2,2,3,4,4,6,4,7,6,6,5,3,3,4,4,3,3,5,2,4,5,5,3,3,6,5
Germany,4,3,3,3,1,3,4,3,3,4,4,2,3,1,1,3,1,1,1,1,1,5,3,1,3,3
Germany,5,5,5,5,2,3,4,6,6,7,6,6,3,2,3,5,2,3,2,2,1,2,2,1,1,1
Germany,4,5,5,4,5,5,4,5,5,6,5,4,3,3,2,4,1,2,1,4,5,4,7,7,3,2
Germany,3,1,1,2,6,5,6,3,3,6,7,2,3,1,1,6,1,5,1,1,5,2,2,2,6,2
Germany,7,6,4,5,3,6,6,6,6,3,6,6,1,2,1,5,2,4,4,3,1,4,1,4,5,6
Germany,5,7,7,6,5,5,6,1,2,3,3,2,3,2,3,5,2,3,2,3,4,2,6,5,3,2
Germany,5,5,5,5,2,5,6,6,5,6,5,3,3,3,3,4,2,1,1,1,5,6,5,5,5,3
Germany,7,7,7,7,7,7,4,4,4,6,4,2,7,7,7,7,7,7,7,5,4,7,7,6,6,4
Germany,5,5,5,5,2,2,4,2,1,2,1,1,1,2,1,7,2,3,2,1,2,5,5,1,2,1
Germany,2,5,1,3,1,2,3,1,1,2,4,2,3,2,3,2,1,2,1,4,5,4,7,6,4,5
Germany,3,2,2,3,2,3,2,1,1,1,1,2,3,2,2,5,1,1,2,1,1,1,1,1,1,1
Germany,7,7,5,1,7,5,4,1,1,1,1,3,7,1,1,5,1,5,1,1,2,4,6,5,5,1
Germany,1,2,1,3,1,1,5,1,1,4,1,1,4,3,2,2,1,2,1,1,1,6,6,1,6,1
Germany,3,3,2,2,2,5,2,3,3,4,5,1,4,3,1,3,6,2,6,3,1,7,7,1,1,2
Germany,5,2,2,6,3,4,5,2,2,5,3,1,2,2,1,4,1,2,4,3,5,7,5,3,6,1
Germany,1,4,7,7,3,7,5,7,5,7,7,1,4,1,4,1,1,1,1,1,7,7,7,1,7,7
Germany,5,5,3,6,3,1,5,7,7,7,7,3,2,2,2,3,1,5,1,2,6,7,7,5,5,7
Germany,5,5,2,3,2,2,4,6,3,5,2,3,1,1,1,1,2,7,2,2,2,6,6,5,7,3
Germany,5,6,7,7,1,1,7,1,1,3,6,1,5,3,4,6,1,1,1,1,1,1,1,1,1,2
Germany,5,3,4,2,3,2,5,5,4,5,6,2,2,2,2,2,1,5,1,1,2,5,7,3,4,4
Germany,1,1,1,1,2,1,1,1,1,1,4,2,2,4,1,1,1,6,1,1,1,2,1,2,5,1
Germany,3,4,1,1,1,4,5,3,2,1,4,2,4,4,3,5,1,5,1,2,3,4,7,5,6,2
Germany,5,3,5,5,5,6,4,4,5,5,3,5,3,3,3,3,3,6,3,5,2,1,3,6,2,1
Germany,6,6,5,5,6,6,6,5,5,5,5,5,2,4,2,7,1,3,2,1,1,1,1,1,1,2
Germany,2,5,1,2,1,4,3,4,2,6,2,5,4,3,3,6,1,1,1,1,1,5,1,1,4,1
Germany,7,7,7,6,7,4,7,1,2,2,2,2,1,1,1,4,1,1,1,1,1,1,1,1,1,1
Germany,2,6,4,5,6,5,7,4,4,4,4,4,1,1,1,1,1,1,1,1,1,4,1,5,6,2
Germany,4,3,4,6,3,3,4,3,2,4,3,1,4,1,1,1,2,4,2,3,1,5,2,1,2,1
Germany,5,5,2,3,2,5,5,2,1,2,1,2,2,3,2,2,1,2,1,1,2,7,7,6,7,4
Germany,4,1,1,1,1,5,1,1,1,1,3,1,3,3,4,3,1,5,1,1,6,7,7,1,6,1
Germany,7,7,3,2,7,7,6,2,1,5,5,1,1,1,6,7,3,5,3,5,5,7,7,6,5,1
Germany,5,3,3,5,2,3,3,1,2,5,2,4,2,1,1,2,1,3,1,3,2,6,6,2,6,1
Germany,6,5,7,6,7,7,7,5,1,6,2,5,3,1,2,1,6,6,6,5,6,7,7,6,5,7
Germany,6,6,5,6,5,5,3,1,2,4,3,2,3,2,1,3,2,2,2,2,2,5,6,5,6,4
Germany,5,3,5,6,3,5,4,1,5,2,1,1,1,4,1,5,4,1,1,1,5,7,7,6,6,5
Germany,5,6,5,5,2,5,7,3,4,5,6,5,7,1,3,6,1,1,1,1,6,5,7,5,3,6
Germany,7,3,5,7,7,7,4,1,2,4,1,2,2,1,2,4,6,5,4,6,1,1,1,1,1,1
Germany,5,3,2,2,2,2,5,4,3,3,5,1,1,1,1,1,1,1,1,1,1,7,1,1,1,1
Germany,4,4,3,5,3,6,5,6,5,6,6,5,2,2,1,4,1,1,1,1,1,5,5,1,5,5
Germany,2,4,3,4,5,3,4,1,2,3,4,2,3,4,3,5,5,5,5,2,5,7,7,6,5,2
Germany,2,5,4,4,4,5,4,2,4,4,4,2,4,4,3,6,1,5,4,1,1,7,7,4,7,4
Germany,6,6,6,7,3,3,7,7,7,7,7,7,3,1,1,1,1,3,5,3,1,4,5,6,1,6
Germany,4,5,5,4,3,5,5,6,5,6,6,2,2,2,1,1,2,5,3,1,2,1,2,4,1,1
Germany,5,1,3,5,3,5,5,6,2,6,5,1,3,1,1,5,1,1,1,1,6,7,2,2,7,1
Germany,2,2,2,3,2,2,5,4,4,4,4,1,1,1,1,1,1,2,1,1,6,7,3,6,7,5
Germany,6,6,6,6,3,5,5,4,1,5,6,4,3,3,2,5,2,2,3,5,5,7,7,7,7,5
Germany,2,2,3,2,2,2,2,2,4,4,4,3,5,3,3,5,2,2,2,2,3,3,4,2,4,4
Germany,5,6,3,5,3,3,6,5,6,6,5,5,2,2,2,5,2,6,3,3,5,5,5,7,1,2
Germany,2,5,2,7,6,7,6,5,5,7,5,6,2,2,1,2,4,6,4,2,3,5,5,3,5,2
Germany,6,7,3,6,5,6,5,6,7,7,7,7,3,1,1,5,1,5,1,1,1,7,1,1,3,1
Germany,4,3,3,6,5,2,4,2,2,5,1,5,2,1,1,3,1,2,1,1,6,1,1,6,5,4
Germany,4,7,7,7,6,7,5,2,1,2,1,2,3,3,3,3,1,4,1,1,1,7,5,6,3,2
Germany,6,6,5,5,6,6,6,2,4,3,4,2,3,1,2,5,7,1,7,6,7,7,7,7,6,6
Germany,2,4,1,3,1,4,2,1,1,2,2,4,5,2,1,1,1,4,1,1,3,7,1,6,4,2
Germany,5,7,1,7,5,1,6,1,1,1,1,1,4,7,1,1,1,2,1,1,1,5,3,1,2,1
Germany,5,5,5,6,5,6,6,7,6,6,7,6,3,3,3,7,5,3,5,5,3,5,7,5,4,3
Germany,5,7,5,1,6,7,6,7,7,7,7,7,2,3,2,2,5,5,5,5,7,7,7,7,7,7
Germany,1,2,1,2,1,1,1,1,2,2,2,1,3,3,2,2,1,2,1,2,1,1,1,1,1,1
Germany,3,7,5,5,5,7,6,1,2,2,5,3,6,2,1,7,1,6,1,1,5,7,5,3,3,4
Germany,6,5,6,4,3,6,3,5,4,6,5,1,3,2,2,7,1,1,1,3,1,1,1,1,1,1
Germany,5,5,5,3,3,3,6,4,4,6,2,2,2,2,1,2,1,2,1,1,1,1,1,1,4,1
Germany,5,4,3,5,1,6,5,1,1,1,1,1,4,3,2,2,1,1,1,2,1,6,2,1,1,1
Germany,5,6,5,4,4,3,4,3,1,2,2,3,7,3,5,3,3,7,2,5,2,1,5,2,2,4
Germany,6,5,6,3,6,5,6,2,5,2,5,5,2,3,2,2,1,2,2,1,7,5,7,7,5,7
Germany,6,5,5,5,3,2,6,2,2,6,2,2,2,2,2,4,1,1,1,2,3,6,3,4,7,4
Germany,6,6,6,6,6,5,5,5,4,6,7,5,2,4,2,4,1,2,4,2,6,6,6,6,6,6
Germany,5,3,1,7,2,5,4,6,5,6,7,6,3,2,2,1,1,1,1,1,6,6,6,5,3,4
Germany,5,5,2,5,1,1,2,1,1,1,1,1,1,1,1,1,1,1,1,1,1,7,7,4,1,1
Germany,4,1,6,6,1,1,4,4,5,6,1,4,1,4,5,3,3,4,4,1,3,7,7,1,3,1
Germany,4,5,5,2,5,6,5,1,1,4,1,1,1,1,2,3,1,3,1,1,1,5,7,5,7,2
Germany,5,2,2,2,1,3,5,5,5,5,5,3,2,2,2,6,2,3,2,1,1,2,2,4,4,5
Germany,4,5,5,3,4,5,4,5,4,4,4,4,3,4,3,5,4,5,4,4,4,4,5,4,4,2
Germany,5,5,6,5,5,4,4,1,1,1,3,5,1,1,2,1,5,7,7,7,3,7,7,7,7,1
Germany,5,3,3,5,2,2,4,3,2,4,3,1,3,4,2,1,1,1,1,1,2,1,6,4,4,4
Germany,5,5,4,4,3,4,6,4,4,5,5,2,2,2,2,3,3,3,4,1,4,5,5,2,5,4
Germany,4,2,2,4,2,4,1,6,7,6,7,5,3,3,3,4,3,5,3,1,1,1,5,2,2,1
Germany,7,7,7,7,6,7,7,1,1,1,1,2,6,3,2,1,1,1,1,1,5,7,7,7,1,6
Germany,5,5,4,5,4,4,6,7,7,6,7,4,2,2,1,6,2,2,3,4,6,6,2,7,5,4
Germany,5,5,1,3,3,6,7,1,1,1,3,4,2,1,1,1,1,1,1,1,1,1,7,4,5,1
Germany,4,2,3,4,4,3,4,4,5,6,5,3,3,6,2,2,2,2,2,4,1,1,2,2,1,3
Germany,5,5,5,6,3,5,5,2,2,5,2,6,3,5,2,6,2,1,1,2,1,1,1,1,1,2
Germany,1,1,1,1,1,5,4,3,4,1,5,1,3,3,2,3,1,1,2,1,1,1,1,1,1,1
Germany,7,7,7,7,7,3,7,7,1,4,7,7,1,1,1,1,1,1,1,1,1,7,1,7,1,1
Germany,5,3,3,4,4,5,5,2,3,4,3,4,5,3,4,5,5,5,3,3,3,7,6,3,6,5
Germany,1,5,5,3,2,5,3,2,3,3,5,2,3,2,2,5,2,5,2,1,2,7,6,3,7,2
Germany,5,4,4,5,6,4,4,4,4,6,3,5,3,2,2,2,1,4,1,1,1,4,3,1,4,4
Germany,4,6,2,6,4,2,5,1,2,6,6,4,3,2,1,2,1,1,5,1,1,1,7,2,5,1
Germany,6,4,5,5,2,3,3,1,1,1,1,5,4,5,6,7,1,6,1,1,5,7,7,7,6,7
Germany,5,5,5,4,2,6,5,7,7,3,4,1,1,1,1,4,4,1,1,2,7,5,5,6,7,6
Germany,3,3,4,5,1,3,4,2,2,5,2,1,3,4,3,3,1,3,1,1,3,5,4,4,5,1
Germany,3,3,1,3,2,1,1,1,1,1,1,1,2,3,1,1,3,4,4,5,3,7,5,5,5,2
Germany,3,1,2,2,1,6,3,6,6,6,6,7,1,1,2,7,5,5,6,5,3,5,3,4,3,5
Germany,6,6,5,7,4,5,5,3,3,5,3,5,4,3,6,6,4,5,6,2,6,6,7,2,5,2
Germany,4,2,4,7,2,4,3,5,5,6,5,4,4,1,2,4,1,1,1,1,6,5,7,6,7,3
Germany,2,2,1,2,1,1,5,1,1,1,1,1,4,7,1,6,1,1,1,1,1,1,1,1,1,1
Germany,7,7,7,7,7,7,7,1,4,1,1,4,1,2,1,1,6,4,7,6,1,7,7,1,7,4
Germany,6,4,2,6,4,4,5,5,6,7,6,5,1,2,1,2,3,2,3,5,1,5,6,3,6,1
Germany,3,4,4,6,5,2,5,7,7,7,7,5,6,5,4,2,2,3,1,1,7,7,7,7,7,5
Germany,5,5,5,5,5,5,5,4,5,6,5,2,2,2,2,3,2,5,4,2,1,2,2,1,3,2
Germany,7,7,7,7,6,2,7,6,1,7,3,1,4,2,4,5,1,7,5,2,5,7,7,4,2,7
Germany,5,4,1,4,4,3,5,3,5,5,5,1,4,5,2,1,3,2,2,4,1,1,1,3,4,5
Germany,6,5,7,7,4,1,6,4,1,4,2,1,1,1,1,7,1,1,4,1,1,4,1,6,7,2
Germany,6,6,5,7,6,6,4,4,5,7,6,2,1,1,1,1,2,1,5,5,1,2,1,1,4,1
Germany,4,7,2,6,6,1,6,6,5,6,5,1,2,2,2,5,4,2,4,2,2,6,6,6,1,6
Germany,5,5,3,3,4,7,5,6,6,6,7,6,5,2,3,5,1,1,1,1,4,5,4,5,7,5
Germany,3,3,3,4,3,2,4,1,2,3,3,3,5,6,5,5,2,5,2,2,2,5,4,3,5,2
Germany,6,6,6,7,6,6,6,1,1,1,2,2,3,2,2,2,3,6,1,4,5,7,6,7,7,1
Germany,6,6,7,7,6,7,6,1,1,2,3,4,1,2,3,7,5,5,5,6,1,2,4,5,1,1
Germany,6,6,6,7,7,6,6,7,7,7,7,7,3,3,3,3,4,5,4,3,4,5,6,5,4,3
Germany,2,1,1,1,1,3,5,1,1,5,1,1,2,1,2,5,3,6,4,5,1,4,1,2,5,1
Germany,6,6,6,6,6,6,5,2,2,5,2,4,1,6,1,2,3,2,5,3,4,4,1,4,2,3
Germany,6,5,7,5,4,6,7,3,2,3,2,2,3,1,2,2,1,1,1,1,2,7,3,3,3,4
Germany,7,7,5,7,7,3,7,1,2,2,1,2,5,2,3,5,2,5,4,1,5,6,6,6,7,4
Germany,5,1,4,1,1,4,6,3,1,4,1,1,5,5,5,5,1,5,1,4,1,1,3,2,7,1
Germany,5,4,1,1,4,1,5,1,1,1,1,4,4,1,1,1,1,1,1,1,4,4,1,2,1,1
Germany,6,6,1,4,5,4,6,2,4,6,5,2,2,7,2,3,2,2,2,2,5,5,4,4,2,3
Germany,4,5,4,3,3,5,4,1,1,5,5,1,2,1,1,5,1,2,1,1,5,7,6,1,6,2
Germany,5,5,3,5,3,5,5,2,3,4,4,3,2,3,2,2,3,3,2,3,4,5,6,5,6,5
Germany,7,6,1,7,6,5,4,4,1,6,6,5,4,2,1,4,4,1,1,3,1,6,7,6,6,2
Germany,7,5,5,4,3,1,1,1,1,1,1,2,2,2,2,6,2,5,6,6,1,4,6,1,1,4
Germany,4,3,3,5,1,4,5,5,5,6,6,5,2,3,1,5,1,1,1,2,1,2,7,3,4,3
Germany,6,6,4,6,5,7,5,1,1,5,1,1,3,2,2,6,1,1,1,1,2,7,3,7,5,1
Germany,4,2,3,2,2,2,4,1,1,1,2,1,7,3,3,5,1,2,1,1,1,1,1,1,1,1
Germany,1,7,4,5,6,3,5,1,1,1,3,4,2,4,1,3,1,1,1,1,1,4,1,1,1,1
Germany,1,1,1,2,1,1,1,1,1,1,1,1,4,3,3,3,1,1,1,1,1,1,1,1,1,1
Germany,3,5,2,2,2,2,6,2,1,3,5,4,2,2,2,5,1,2,1,2,2,6,4,3,4,1
Germany,5,3,4,5,1,2,5,1,1,5,2,1,2,1,2,2,2,5,2,2,1,1,5,1,4,2
Germany,6,5,4,6,3,3,5,4,4,5,5,1,6,2,3,2,1,1,4,5,7,5,7,6,4,7
Germany,6,3,3,3,2,2,4,3,1,1,1,3,3,2,5,6,2,5,2,1,1,7,7,7,7,3
Germany,7,7,7,6,7,7,7,5,4,6,4,5,1,1,1,3,4,3,6,2,1,3,2,1,1,1
Germany,4,2,4,5,2,1,3,2,2,5,1,1,2,2,1,1,1,1,1,1,2,7,7,4,1,4
Germany,6,5,6,5,5,6,6,1,2,4,2,1,1,1,1,2,2,4,4,4,5,7,7,6,6,2
Germany,1,1,1,1,1,7,1,1,1,1,1,7,1,4,6,7,1,4,4,1,1,1,1,1,1,1
Germany,3,3,3,6,2,5,5,4,3,6,5,1,3,5,2,3,1,1,1,1,5,4,5,4,3,3
Germany,7,7,6,7,5,5,7,3,4,5,5,1,4,1,2,4,2,4,4,3,7,7,4,1,5,7
Germany,5,6,6,2,1,1,4,1,1,1,1,1,1,1,1,1,1,1,1,1,4,4,1,1,6,5
Germany,1,5,4,5,5,2,3,1,1,1,1,1,3,3,1,1,1,1,1,1,1,7,1,1,1,1
Germany,5,2,1,2,1,3,3,4,3,5,3,3,3,2,3,3,1,2,1,1,7,6,7,2,4,1
Germany,2,6,1,5,2,2,6,4,3,5,6,4,1,1,1,6,1,1,1,1,1,1,1,5,1,1
Germany,4,5,1,5,1,6,5,1,1,1,1,1,1,1,1,6,1,1,1,1,5,6,2,1,6,1
Germany,4,1,6,3,1,5,6,3,2,5,1,1,7,3,6,6,1,2,4,1,1,6,1,5,7,1
Germany,5,6,4,5,4,5,5,6,6,7,6,7,6,5,3,6,1,5,1,2,4,4,7,7,4,7
Germany,5,5,3,6,3,5,2,3,2,6,5,2,2,1,2,3,1,3,1,1,2,5,5,5,5,1
Germany,3,3,4,5,7,6,4,5,5,4,2,3,4,3,2,4,3,3,7,2,3,4,2,6,5,6
Germany,4,6,5,6,3,5,5,4,2,4,3,5,3,3,2,3,3,3,4,1,3,7,5,5,6,3
Germany,6,6,5,7,5,6,5,4,4,5,5,5,1,1,1,2,5,5,5,2,2,4,6,6,3,3
Germany,7,6,6,6,7,7,6,4,2,2,5,1,5,2,4,1,4,5,6,5,4,6,7,6,7,2
Germany,6,5,3,6,4,5,5,3,5,5,1,3,3,1,5,3,2,3,3,6,2,5,6,6,6,1
Germany,2,3,2,2,3,2,4,2,2,2,1,2,7,7,7,7,2,2,2,1,2,3,3,2,5,2
Germany,4,5,2,6,6,6,5,7,7,7,7,7,6,4,2,1,6,6,6,1,6,6,6,6,6,7
Germany,7,4,1,3,5,3,3,1,2,3,1,5,3,2,1,2,1,1,1,1,2,6,2,6,7,3
Germany,6,5,5,7,5,7,6,6,5,7,7,4,2,1,1,2,1,1,1,1,1,4,6,4,4,5
Germany,3,1,3,3,1,1,4,4,4,5,1,4,3,3,1,2,1,1,4,1,1,1,5,1,1,3
Germany,7,7,5,7,6,7,7,7,7,7,7,7,5,3,3,6,2,5,3,2,7,7,7,7,7,7
Germany,5,2,1,2,3,4,3,1,1,2,1,4,2,3,3,5,6,7,7,2,1,1,2,1,4,2
Germany,5,5,5,6,5,2,5,3,4,3,4,5,5,3,5,2,1,1,1,1,6,5,7,3,4,5
Germany,5,5,1,5,2,1,5,1,1,1,1,1,2,1,1,4,1,1,1,1,3,7,6,5,6,2
Germany,6,6,2,6,2,4,6,6,5,7,7,6,1,5,1,2,3,6,3,2,1,1,1,1,2,7
Germany,7,3,5,6,3,6,6,2,1,3,2,3,4,3,3,5,2,5,3,3,3,6,7,6,7,3
Germany,5,4,5,7,4,1,6,4,5,5,6,1,3,4,5,6,1,1,1,1,1,1,1,1,1,5
Germany,6,6,4,7,5,2,6,1,1,5,1,1,5,2,2,5,1,1,1,1,1,4,5,2,1,2
Germany,2,5,5,7,7,1,4,7,6,1,1,1,2,2,1,1,6,6,2,4,6,6,6,6,4,7
Germany,5,3,1,3,1,2,6,1,4,7,3,1,1,2,1,6,4,5,3,4,1,4,1,1,2,1
Germany,5,2,5,3,4,2,5,6,5,5,6,2,3,1,2,1,1,2,1,3,4,4,4,3,4,4
Germany,6,5,6,6,6,6,6,4,4,3,5,2,1,2,1,2,5,5,6,2,6,6,7,3,2,1
Germany,2,2,2,3,3,5,2,2,5,6,5,1,5,4,2,5,1,2,1,1,6,3,7,5,5,5
Germany,4,5,5,5,5,5,5,3,3,6,4,2,3,4,3,5,2,4,4,1,4,3,3,4,5,2
Germany,5,1,5,5,1,1,6,7,7,7,7,7,2,2,1,2,1,1,1,3,7,7,7,7,7,7
Germany,6,6,6,4,5,6,6,1,1,1,1,6,2,2,2,2,5,7,5,6,5,6,1,6,6,1
Germany,5,4,6,6,5,6,6,4,2,4,5,2,4,1,2,4,1,3,2,2,1,2,5,1,3,2
Germany,5,5,6,6,2,6,5,5,2,5,6,2,3,1,2,2,1,2,1,2,6,7,7,7,7,6
Germany,5,1,1,2,4,4,6,7,7,7,7,7,1,1,1,1,1,1,1,1,7,1,1,1,1,1
Germany,6,6,7,2,5,5,5,4,4,4,3,2,2,1,2,5,1,1,1,2,1,5,2,5,6,2
Germany,7,5,6,7,7,7,7,1,1,1,5,1,3,1,3,2,2,1,1,4,7,4,7,3,6,5
Germany,6,7,2,6,5,1,5,1,1,1,1,1,1,1,1,6,1,2,4,2,2,6,6,1,6,1
Germany,2,5,1,5,1,4,3,6,1,4,1,5,1,2,6,7,1,5,4,7,1,7,1,1,7,1
Germany,2,4,1,2,2,5,5,7,6,6,6,4,2,1,1,4,1,2,1,1,6,6,7,6,6,5
Germany,3,2,2,2,1,4,2,7,1,4,5,1,2,3,1,5,1,3,1,1,4,7,4,7,7,6
Germany,6,6,4,1,1,6,6,2,6,7,5,5,7,7,1,5,1,1,1,1,7,7,7,3,7,7
Germany,7,6,6,7,6,7,7,1,1,4,2,3,2,1,2,3,5,4,5,5,1,7,7,7,7,5
Germany,6,3,5,5,3,5,5,5,5,5,6,3,3,2,3,5,6,3,3,5,1,4,1,3,1,1
Germany,1,6,3,7,1,3,3,4,1,4,1,1,4,2,1,3,1,4,1,1,1,5,5,1,1,1
Germany,6,3,1,3,2,1,7,1,1,1,1,1,6,4,1,6,1,1,1,1,1,5,1,5,6,1
Germany,6,5,6,6,3,6,2,1,4,4,2,4,2,3,3,1,1,5,1,2,1,5,1,1,4,1
Germany,7,7,7,7,6,7,6,3,5,6,7,7,3,2,1,4,2,3,6,5,6,7,7,5,7,1
Germany,5,3,3,5,3,5,2,1,1,4,1,3,4,6,4,6,4,4,4,3,1,1,1,1,1,1
Germany,6,4,7,6,5,6,5,5,4,5,2,2,1,1,1,6,5,1,1,1,1,7,7,7,7,4
Germany,3,5,3,3,3,1,3,1,1,1,1,1,3,4,3,5,1,1,1,1,5,1,4,1,3,1
Germany,6,4,7,6,5,4,6,2,2,1,4,1,1,7,2,4,7,1,7,1,1,7,1,1,7,3
Germany,4,5,2,4,2,4,2,3,2,3,2,2,3,2,3,2,2,3,4,2,2,5,6,3,4,3
Germany,7,5,4,6,6,6,6,6,6,5,7,5,3,2,3,5,1,1,1,1,7,7,7,6,6,7
Germany,6,7,2,2,6,6,5,6,6,2,5,6,1,3,3,6,6,7,6,6,6,7,6,6,5,2
Germany,6,6,5,6,6,2,5,5,4,6,1,2,4,2,3,7,2,5,1,1,2,4,1,1,7,2
Germany,4,4,4,6,1,2,5,5,5,6,6,5,2,2,2,1,1,1,1,1,1,2,1,1,1,1
Germany,6,5,6,6,6,7,7,7,2,5,1,2,1,1,1,2,6,5,6,3,1,7,1,5,7,2
Germany,4,5,6,5,5,5,7,6,6,6,6,5,1,2,2,1,4,4,1,1,5,5,5,2,7,2
Germany,5,7,7,4,6,5,7,5,6,7,6,1,1,1,1,1,1,4,1,1,1,1,1,1,1,2
Germany,5,5,5,2,5,6,5,1,1,6,4,2,4,3,5,5,6,3,6,6,1,7,6,7,5,2
Germany,5,5,1,7,2,5,5,2,5,5,6,3,3,1,1,5,1,2,1,1,7,7,7,4,7,6
Germany,6,6,6,6,6,5,5,1,3,5,5,3,1,1,1,4,2,2,1,3,3,5,7,3,7,1
Germany,2,5,5,3,1,5,5,6,5,6,6,5,3,6,1,6,1,2,5,1,1,5,2,5,6,4
Germany,7,6,5,6,5,6,6,6,5,7,6,6,2,2,1,7,4,6,4,1,1,3,4,5,5,4
Germany,1,4,2,2,1,1,5,2,2,4,1,2,1,3,2,1,1,3,1,1,1,1,1,2,7,1
Germany,5,4,6,3,2,1,6,7,6,7,6,7,2,1,2,2,1,1,1,1,7,7,7,7,6,7
Germany,7,5,5,3,5,6,6,5,3,5,6,3,2,2,2,1,5,6,6,5,3,7,2,6,7,2
Germany,3,2,1,5,2,2,3,4,4,5,3,2,3,1,2,5,1,2,2,1,5,7,3,5,7,4
Germany,1,1,1,2,3,1,1,1,1,3,1,1,4,5,3,3,4,5,3,1,1,4,1,1,6,1
Germany,4,3,4,6,3,7,3,2,2,2,3,2,2,1,2,2,3,2,5,2,2,6,7,7,6,2
Germany,4,1,1,7,7,1,7,1,4,7,7,7,2,7,1,1,4,4,1,7,1,7,1,7,1,1
Germany,6,5,4,5,6,6,5,4,5,7,6,4,2,1,2,7,5,3,5,5,7,5,7,5,6,3
Germany,6,7,7,7,6,7,7,5,2,4,2,6,2,1,2,2,1,5,1,2,1,6,7,1,7,3
Germany,2,1,2,1,1,1,1,1,1,2,1,1,2,2,1,2,2,4,3,1,5,6,5,5,6,5
Germany,7,7,7,7,7,6,7,3,2,5,5,6,2,2,2,2,2,2,1,2,1,5,5,6,5,2
Germany,2,3,1,2,1,2,2,1,2,1,1,2,1,1,1,1,2,1,6,1,6,7,7,5,6,2
Germany,6,5,5,6,5,3,4,4,1,2,2,1,1,1,1,2,2,2,1,2,5,5,2,4,5,2
Germany,6,2,3,6,4,2,5,2,2,2,2,2,2,6,6,2,1,5,2,5,2,2,5,2,3,5
Germany,2,2,3,2,2,4,2,4,4,2,5,3,2,7,3,3,2,2,3,1,1,1,1,1,1,1
Germany,5,5,5,3,6,6,6,6,5,6,6,7,2,2,2,6,5,6,5,5,6,6,7,5,5,5
Germany,4,4,2,2,2,2,4,2,2,2,3,4,2,2,2,2,2,3,2,2,1,4,2,2,2,1
Germany,7,6,7,7,6,7,6,1,5,6,7,1,1,1,2,1,1,6,1,1,6,7,7,7,7,7
Germany,5,4,5,3,5,4,5,4,4,4,4,1,2,4,3,4,2,3,2,1,1,1,1,1,4,4
Germany,5,5,5,4,4,5,4,4,1,6,2,4,2,2,2,2,5,5,5,5,1,1,1,1,1,1
Germany,4,6,2,4,2,4,5,2,5,6,5,2,2,2,2,6,1,1,1,4,7,7,6,7,6,6
Germany,6,6,6,6,6,5,7,6,4,4,5,4,2,4,2,2,6,5,6,5,2,4,5,6,4,5
Germany,3,5,6,7,6,6,4,1,4,7,6,1,1,7,1,7,5,6,1,7,1,4,1,1,1,4
Germany,1,5,4,4,4,4,1,4,1,1,1,7,4,3,1,5,1,1,1,5,1,7,4,4,6,3
Germany,6,6,2,7,6,2,6,6,5,2,2,6,3,5,4,3,3,5,2,5,6,2,2,1,1,2
Germany,1,6,5,5,1,3,5,1,3,5,2,6,3,3,2,6,1,2,1,1,5,6,5,7,5,1
Germany,6,5,6,4,7,3,7,7,5,6,6,2,4,2,3,5,6,1,4,1,1,1,1,1,4,2
Germany,1,1,1,1,1,1,1,1,1,1,1,1,1,1,1,1,1,1,1,1,1,1,1,1,1,1
Germany,3,3,4,5,2,3,5,5,6,6,5,2,5,2,4,5,2,3,2,3,3,5,6,2,6,3
Germany,4,5,4,5,4,2,7,5,3,4,5,3,4,5,4,5,6,4,5,3,6,2,4,3,4,3
Germany,5,1,2,4,5,1,4,4,4,6,4,1,3,4,2,1,1,1,1,2,5,7,4,4,1,4
Germany,5,6,5,6,3,5,6,2,4,2,2,5,3,2,2,6,3,6,3,5,2,7,6,6,2,3
Germany,3,4,4,4,4,5,4,3,3,4,4,1,4,3,3,5,3,4,3,1,3,6,7,5,5,3
Germany,7,7,7,7,7,5,7,5,4,5,5,4,3,3,3,2,2,3,3,1,2,7,7,5,3,5
Germany,5,6,4,5,4,5,5,7,7,7,7,5,1,1,1,1,1,5,1,1,5,4,4,1,2,2
Germany,5,2,3,4,2,2,2,2,3,4,4,1,1,1,1,1,3,5,1,1,1,6,1,2,1,2
Germany,1,4,2,2,3,3,1,1,4,6,4,5,1,1,1,2,1,5,1,1,1,4,1,1,1,1
Germany,5,6,5,6,6,6,6,5,6,6,7,4,2,2,2,5,1,1,1,1,5,6,7,5,6,6
Germany,6,6,7,6,5,5,6,1,3,2,2,1,3,6,3,5,1,1,1,1,2,4,1,5,6,1
Germany,5,4,3,6,4,5,5,2,1,2,2,5,2,1,2,2,5,5,5,6,4,7,6,5,7,5
Germany,2,6,3,2,2,4,5,6,7,6,6,6,3,6,1,1,1,3,1,1,2,1,3,1,3,5
Germany,6,6,4,3,6,4,6,1,1,4,3,1,1,1,2,1,1,1,2,1,3,7,1,7,7,1
Germany,1,3,1,2,1,1,2,3,5,3,4,1,5,7,1,1,1,1,1,1,1,2,1,1,1,1
Germany,3,5,2,5,4,2,4,3,1,6,1,6,5,6,2,6,1,6,2,1,6,6,7,6,7,4
Germany,4,1,2,5,2,4,5,6,1,4,2,1,3,3,3,6,1,5,3,1,1,1,1,1,1,1
Germany,4,6,1,6,4,2,6,1,2,4,4,1,3,7,1,2,1,5,1,1,1,2,1,6,1,2
Germany,1,2,2,4,4,4,3,1,4,2,2,3,4,3,3,6,1,3,1,1,1,1,1,1,1,3
Germany,6,5,4,6,2,6,5,4,4,4,3,4,3,2,2,2,3,3,2,1,7,7,6,6,7,6
Germany,6,6,3,5,3,6,7,5,5,6,6,4,6,4,3,5,1,1,1,1,5,7,7,6,7,5
Germany,5,5,3,6,5,2,5,4,2,6,5,4,4,3,4,5,1,2,2,1,3,2,1,2,1,2
Germany,5,4,4,4,2,3,5,5,5,5,4,2,3,5,2,5,1,2,2,2,3,2,4,1,2,4
Germany,5,7,6,4,4,4,6,4,4,4,4,4,2,2,1,4,4,5,4,4,4,4,4,4,4,4
Germany,5,4,1,1,1,4,6,4,2,2,1,1,6,6,5,3,1,1,5,1,5,7,1,1,1,1
Germany,5,2,2,2,2,2,1,1,1,1,1,1,2,2,1,2,1,2,3,1,1,1,6,1,1,2
Germany,3,2,3,5,3,1,6,7,6,6,7,1,2,1,1,1,1,1,1,1,1,1,1,2,1,1
Germany,6,6,5,5,1,2,6,1,1,5,3,1,3,3,2,6,1,3,1,4,1,5,7,1,6,1
Germany,5,5,3,6,3,2,5,2,3,3,3,2,3,5,3,3,2,3,3,2,5,5,6,5,6,3
Germany,4,1,3,6,4,3,4,5,2,6,1,2,3,2,1,2,1,1,1,2,5,6,7,6,1,1
Germany,1,5,1,3,1,1,7,1,2,1,5,1,1,1,1,1,1,1,1,1,1,5,1,6,7,1
Germany,3,3,4,5,4,5,5,2,2,3,2,2,3,4,3,6,2,5,2,4,2,5,2,3,2,2
Germany,1,1,1,1,1,3,2,4,1,3,3,1,2,1,1,2,1,2,1,1,1,5,6,1,5,1
Germany,5,5,4,3,5,7,2,4,1,4,2,1,1,1,1,5,2,1,1,1,2,7,6,6,6,2
Germany,6,5,4,6,1,5,5,3,2,6,4,2,3,2,2,5,1,3,1,1,4,4,6,5,2,3
Germany,5,5,5,5,1,1,6,5,5,7,4,4,5,2,5,6,1,1,1,1,1,5,2,1,1,1
Germany,5,6,5,1,1,1,4,1,1,1,1,1,1,1,2,1,1,1,1,1,1,4,1,1,1,1
Germany,1,1,1,1,1,1,2,1,1,4,1,2,2,1,1,2,1,1,1,1,4,4,1,4,4,1
Germany,3,4,2,7,6,7,2,7,7,5,7,6,4,1,1,7,5,7,3,7,3,7,4,1,6,1
Germany,2,1,1,5,3,2,2,3,5,5,5,1,5,3,2,3,5,5,5,3,1,2,1,2,1,2
Germany,6,5,1,6,3,6,6,2,2,2,2,5,6,3,3,7,5,6,5,2,5,7,3,2,7,2
Germany,5,6,5,5,3,5,5,1,4,4,7,1,5,3,4,3,1,2,2,1,1,6,6,5,6,2
Germany,5,5,5,5,1,4,7,1,1,5,1,1,4,7,2,1,1,1,1,1,4,4,4,1,5,1
Germany,4,3,3,3,5,2,7,6,6,7,6,6,3,2,1,1,1,5,1,1,2,1,1,2,1,5
Germany,6,5,5,7,5,1,5,1,1,3,5,1,7,6,6,1,1,1,1,1,1,5,5,1,1,1
Germany,6,6,2,6,6,4,6,1,1,1,6,2,5,1,1,1,1,4,4,1,7,7,7,7,7,7
Germany,6,3,4,6,6,6,6,1,2,2,2,3,3,3,3,3,1,2,2,1,2,6,6,6,7,6
Germany,5,6,2,6,6,7,6,6,4,7,6,4,5,2,5,5,1,1,2,1,7,7,7,7,7,7
Germany,5,6,1,4,6,5,7,7,4,4,4,3,4,3,4,3,1,1,1,1,4,6,1,1,7,5
Germany,6,7,7,2,6,4,7,1,5,6,1,1,4,3,3,2,6,5,7,5,1,5,5,1,3,1
Germany,6,6,2,7,3,6,6,5,2,6,2,6,3,1,3,1,1,2,2,1,5,6,7,2,5,5
Germany,2,6,5,6,3,6,6,1,1,1,1,1,4,4,1,1,1,5,1,1,1,7,1,1,1,1
Germany,3,5,3,5,2,1,4,2,1,4,3,5,3,6,1,5,1,1,1,1,6,7,7,7,6,5
Germany,4,1,1,3,3,2,3,4,4,2,6,2,7,7,2,3,3,3,2,1,1,1,3,1,1,4
Germany,7,4,5,7,5,7,5,4,2,5,2,2,4,2,3,2,1,4,2,3,1,1,1,1,2,2
Germany,3,2,2,2,1,6,2,6,6,6,6,2,6,6,6,7,1,5,1,1,5,7,7,6,5,4
Germany,5,5,5,4,4,1,5,3,5,6,1,6,5,5,5,7,1,1,1,1,1,7,1,1,1,1
Germany,7,4,1,4,5,5,5,4,4,2,6,4,2,2,3,5,2,4,4,2,2,5,2,2,5,5
Germany,4,3,5,3,1,4,4,1,1,1,4,4,7,2,1,3,5,1,5,1,5,5,4,5,6,1
Germany,3,5,3,7,3,3,3,1,1,1,2,1,2,3,2,7,1,2,2,1,2,7,6,6,6,3
Germany,4,4,2,4,4,4,5,6,7,7,6,6,4,5,4,6,2,4,2,1,6,5,6,6,6,6
Germany,7,6,5,6,3,1,3,1,1,4,1,1,2,2,1,2,5,6,7,5,1,1,1,1,1,1
Germany,6,3,6,7,4,1,6,4,4,6,5,3,2,2,3,1,1,1,3,2,2,1,1,1,1,1
Germany,6,6,6,6,6,7,6,2,2,6,3,2,3,4,2,2,2,3,2,2,1,1,2,1,1,6
Germany,3,2,3,1,3,1,4,4,1,5,5,1,2,1,1,5,1,5,1,1,5,1,5,5,5,1
Germany,4,2,1,7,1,1,3,1,1,1,6,1,3,1,1,2,1,1,1,1,1,1,1,1,1,1
Germany,4,2,2,2,1,2,2,1,4,4,1,6,5,5,4,6,1,4,1,1,3,4,4,1,6,2
Germany,6,7,5,7,7,3,5,2,1,2,5,2,3,3,3,4,5,5,6,5,2,6,5,6,6,2
Germany,3,2,3,4,5,2,5,6,6,6,6,6,3,4,2,2,1,2,1,1,4,6,5,7,4,5
Germany,6,7,6,6,5,5,7,6,7,7,7,5,2,1,2,6,5,4,5,5,7,4,4,6,4,7
Germany,7,7,7,7,6,5,7,7,7,7,7,4,4,4,1,5,1,4,2,1,1,5,1,6,4,5
Germany,5,6,5,7,1,6,6,7,7,7,7,2,7,7,5,2,5,5,6,1,7,4,6,6,2,6
Germany,6,4,5,5,2,5,6,5,5,7,6,5,3,1,2,5,1,1,1,1,5,6,6,5,2,4
Germany,7,7,6,6,6,6,7,7,7,6,4,4,4,3,1,2,1,5,4,4,5,4,5,7,7,6
Germany,5,5,2,4,1,6,2,1,1,1,1,1,2,4,3,7,1,5,1,1,1,5,3,1,5,1
Germany,2,3,3,6,3,3,2,5,5,5,5,1,3,1,1,5,1,1,1,1,4,6,1,5,1,2
Germany,2,6,5,6,5,5,5,1,2,5,5,2,3,2,2,1,1,2,1,1,6,6,7,5,5,5
Germany,7,7,7,7,7,7,7,7,7,7,7,7,1,1,1,7,1,1,1,7,7,7,5,4,7,7
Germany,1,1,1,2,1,4,2,1,2,4,2,1,4,4,3,5,1,1,1,1,5,5,7,4,5,5
Germany,6,5,4,6,5,1,6,3,3,4,4,2,5,5,5,3,1,1,1,1,7,7,7,5,4,4
Germany,4,4,4,4,4,4,4,4,4,4,4,4,4,4,4,4,4,4,4,1,4,4,1,4,4,1
Germany,4,3,4,6,1,1,4,1,3,5,3,5,3,2,2,4,1,1,1,1,4,4,4,7,4,2
Germany,5,5,7,3,5,4,7,1,7,7,7,4,2,3,3,3,1,1,1,1,6,7,1,4,4,6
Germany,4,4,3,5,4,3,6,3,3,5,3,2,5,3,3,3,5,3,6,3,4,5,4,5,3,4
Germany,4,4,4,5,1,1,4,2,3,3,4,1,1,2,1,2,1,1,1,1,4,1,7,1,1,1
Germany,5,6,1,6,1,5,5,4,4,5,1,1,3,7,3,5,1,1,3,1,5,6,1,4,6,1
Germany,4,3,4,3,2,2,3,2,1,2,1,1,2,2,1,2,1,1,1,1,1,7,5,1,6,1
Germany,2,5,2,3,5,4,5,5,5,7,7,7,2,2,2,2,1,5,5,2,1,6,1,1,1,2
Germany,4,4,4,3,4,1,4,4,4,5,5,4,3,1,2,2,1,4,1,1,4,7,5,4,5,4
Germany,7,5,6,5,5,6,5,5,5,5,3,5,2,2,2,7,1,5,5,1,1,3,4,2,5,4
Germany,2,2,4,3,1,1,1,1,1,1,7,5,7,3,2,1,1,1,1,1,1,7,1,1,6,1
Germany,2,2,1,2,1,5,3,2,2,3,3,1,3,6,5,2,1,2,5,1,7,6,6,5,6,3
Germany,6,7,6,7,2,4,6,6,1,4,3,2,1,1,1,4,1,1,1,1,2,7,5,7,6,6
Germany,5,5,2,5,5,5,4,1,1,2,3,3,3,2,1,1,2,2,1,1,2,6,6,6,5,3
Germany,4,4,1,4,2,5,5,4,5,5,6,2,3,6,2,5,1,4,4,1,1,1,6,1,6,1
Germany,5,7,6,6,5,7,7,5,4,6,6,6,1,2,2,5,2,5,5,5,6,7,5,7,7,4
Germany,3,6,2,5,1,5,5,5,5,6,5,6,7,6,5,7,1,1,1,1,5,7,6,7,7,6
Germany,3,2,3,4,2,4,3,4,2,3,4,4,2,2,2,5,2,4,2,2,2,4,1,1,4,1
Germany,4,1,1,6,1,4,2,4,4,5,5,1,3,1,2,5,2,2,2,1,1,5,5,1,2,1
Germany,6,4,4,3,2,4,4,2,1,2,2,2,2,1,1,5,5,4,5,3,1,2,1,3,1,1
Germany,2,4,4,1,1,1,4,4,1,2,1,2,4,1,1,7,1,4,1,1,1,4,1,1,1,1
Germany,6,7,7,7,7,7,6,1,3,7,2,2,4,5,1,7,2,1,3,5,1,7,7,7,7,1
Germany,6,5,1,5,7,3,3,1,1,4,1,1,4,5,3,2,2,4,4,1,1,7,2,3,1,2
Germany,5,7,5,7,5,7,6,7,7,7,7,7,2,1,1,6,2,6,2,1,2,7,7,5,7,5
Germany,4,6,4,4,4,1,4,1,4,1,1,3,4,2,2,5,1,4,3,1,1,6,7,4,6,1
Germany,5,4,2,5,6,5,4,1,1,1,1,1,2,2,2,1,2,1,2,3,4,7,5,6,5,2
Germany,7,7,5,7,6,5,7,3,2,2,1,1,2,2,2,1,1,1,2,1,1,1,1,1,1,1
Germany,5,5,6,5,4,6,6,4,4,6,7,6,1,1,2,4,2,4,2,1,2,7,5,7,6,4
Germany,5,3,3,5,3,6,5,2,3,4,3,4,1,1,1,2,2,5,3,1,4,7,7,7,7,5
Germany,5,5,3,5,1,2,3,5,4,5,3,1,3,3,3,4,1,1,1,1,5,4,6,4,6,4
Germany,6,6,5,4,5,6,6,4,5,6,7,5,3,3,5,4,1,4,4,1,1,1,1,1,2,5
Germany,1,1,1,1,2,3,1,1,1,1,5,1,4,1,1,1,1,1,1,1,2,1,1,1,1,1
Germany,3,4,2,3,1,2,2,3,2,4,2,2,2,1,2,2,1,3,2,2,1,6,3,2,6,2
Germany,6,7,6,3,4,7,5,5,6,4,6,7,5,1,6,2,7,6,7,5,1,6,1,4,6,1
Germany,7,7,7,7,5,5,7,3,5,4,6,7,1,1,1,5,5,5,5,3,1,7,7,1,2,1